Gene,+/-,Fold
YOL147C,1,0
YOR363C,1,0
YDR265W,1,0
YLR324W,1,0
YGR077C,1,0
YBR168W,1,0
YOL044W,1,0
YMR026C,1,0
YGR004W,1,0
YDL056W,0,0
YDR384C,0,0
YLR427W,0,0
YDL064W,0,0
YNL055C,0,0
YDR085C,0,0
YML128C,0,0
YJL165C,0,0
YCL027W,0,0
YGR085C,0,0
YDR316W-B,0,0
YMR305C,0,0
YMR093W,0,0
YFR031C,0,0
YJR108W,0,0
YBR039W,0,0
YCL040W,0,0
YLR002C,0,0
YEL031W,0,0
YOR212W,0,0
YMR049C,0,0
YNL059C,0,0
YKR036C,0,0
YPR201W,0,0
YMR167W,0,0
YMR179W,0,0
YDL235C,0,0
YBR223C,0,0
YNR006W,0,0
YHR043C,0,0
YBL093C,0,0
YLR285W,0,0
YLR020C,0,0
YLR145W,0,0
YDR202C,0,0
YDL126C,0,0
YAL032C,0,0
YPL239W,0,0
YJL021C,0,0
YEL062W,0,0
YLR259C,0,0
YBL005W-A,0,0
YNL257C,0,0
YGL226C-A,0,0
YMR088C,0,0
YDR342C,0,0
YNL313C,0,0
YOL051W,0,0
YHR169W,0,0
YLR215C,0,0
YDR254W,0,0
YJR065C,0,0
YKL048C,0,0
YDL015C,0,0
YDR179C,0,0
YBL014C,0,0
YGL061C,0,0
YDR046C,0,0
YDR356W,0,0
YML010W,0,0
YDL232W,0,0
YOR039W,0,0
YHR118C,0,0
YPR009W,0,0
YOR229W,0,0
YNL225C,0,0
YOR058C,0,0
YIR002C,0,0
YKR059W,0,0
YMR207C,0,0
YIL035C,0,0
YOR362C,0,0
YER174C,0,0
YDR150W,0,0
YLR166C,0,0
YJL012C-A,0,0
YDR069C,0,0
YBL035C,0,0
YLR131C,0,0
YPL137C,0,0
YCL054W,0,0
YDR110W,0,0
YCR066W,0,0
YDR480W,0,0
YGL019W,0,0
YGR181W,0,0
YNL097C,0,0
YBL097W,0,0
YAL040C,0,0
YNL250W,0,0
YNL126W,0,0
YOR259C,0,0
YOL034W,0,0
YOR100C,0,0
YAL015C,0,0
YCL017C,0,0
YNL148C,0,0
YNR043W,0,0
YLL012W,0,0
YKL089W,0,0
YGR191W,0,0
YBR009C,0,0
YMR247C,0,0
YJR022W,0,0
YDR091C,0,0
YDL077C,0,0
YDL143W,0,0
YOR074C,0,0
YHR115C,0,0
YMR038C,0,0
YAR019C,0,0
YOR149C,0,0
YJR089W,0,0
YCL033C,0,0
YDR328C,0,0
YKL108W,0,0
YML005W,0,0
YBL101W-B,0,0
YDR473C,0,0
YFL017W-A,0,0
YPR073C,0,0
YML094W,0,0
YNL112W,0,0
YGR090W,0,0
YFL024C,0,0
YKL059C,0,0
YBL016W,0,0
YHR106W,0,0
YNL318C,0,0
YDL231C,0,0
YPR024W,0,0
YIL013C,0,0
YHR176W,0,0
YOR085W,0,0
YPL254W,0,0
YKL095W,0,0
YJR066W,0,0
YIR011C,0,0
YPR158W-B,0,0
YNL199C,0,0
YOR008C,0,0
YIR023W,0,0
YHL009W-A,0,0
YDR429C,0,0
YFL002C,0,0
YPL060W,0,0
YPL016W,0,0
YPR199C,0,0
YAL020C,0,0
YDR353W,0,0
YFL029C,0,0
YDR409W,0,0
YOL103W-B,0,0
YDR365C,0,0
YMR293C,0,0
YDL181W,0,0
YLL050C,0,0
YNL113W,0,0
YLR186W,0,0
YJL053W,0,0
YGL243W,0,0
YLL019C,0,0
YMR280C,0,0
YAR007C,0,0
YNL032W,0,0
YLR052W,0,0
YDR018C,0,0
YBR082C,0,0
YML046W,0,0
YOL089C,0,0
YNL038W,0,0
YMR250W,0,0
YBR186W,0,0
YBR231C,0,0
YNL213C,0,0
YLR148W,0,0
YPL036W,0,0
YBL006C,0,0
YNL080C,0,0
YNL304W,0,0
YGR097W,0,0
YOR049C,0,0
YJL014W,0,0
YLR380W,0,0
YPL029W,0,0
YDR034C-D,0,0
YDR523C,0,0
YGR257C,0,0
YPR168W,0,0
YLL061W,0,0
YAR042W,0,0
YCL061C,0,0
YGR142W,0,0
YIL105C,0,0
YDR227W,0,0
YDR210C-D,0,0
YMR239C,0,0
YHR170W,0,0
YMR210W,0,0
YKL043W,0,0
YIR008C,0,0
YLR357W,0,0
YGR274C,0,0
YML016C,0,0
YLR256W,0,0
YKR055W,0,0
YER038C,0,0
YHR005C-A,0,0
YDR212W,0,0
YGR161C-D,0,0
YJR093C,0,0
YDR083W,0,0
YBR004C,0,0
YER172C,0,0
YAR044W,0,0
YPL026C,0,0
YOR057W,0,0
YMR055C,0,0
YNL186W,0,0
YOL027C,0,0
YGR092W,0,0
YJL087C,0,0
YKL099C,0,0
YML015C,0,0
YGL183C,0,0
YLR295C,0,0
YER062C,0,0
YDL174C,0,0
YDR147W,0,0
YJL100W,0,0
YCL052C,0,0
YGR081C,0,0
YKR031C,0,0
YIL142W,0,0
YNR032C-A,0,0
YHR167W,0,0
YKL193C,0,0
YJL073W,0,0
YNL317W,0,0
YGL001C,0,0
YNL082W,0,0
YLR277C,0,0
YMR182C,0,0
YBL090W,0,0
YOL128C,0,0
YDR129C,0,0
YMR077C,0,0
YPR163C,0,0
YJR110W,0,0
YBR072W,0,0
YBR118W,0,0
YBR070C,0,0
YDR334W,0,0
YPR025C,0,0
YOR147W,0,0
YOR110W,0,0
YHR143W-A,0,0
YMR005W,0,0
YBR048W,0,0
YDL081C,0,0
YBR136W,0,0
YIL153W,0,0
YLR028C,0,0
YER044C,0,0
YGR109C,0,0
YCR002C,0,0
YLR340W,0,0
YHR090C,0,0
YML098W,0,0
YOL069W,0,0
YOL054W,0,0
YGL025C,0,0
YDR382W,0,0
YGR185C,0,0
YPR102C,0,0
YPR032W,0,0
YOR354C,0,0
YOR334W,0,0
YDR164C,0,0
YNL227C,0,0
YJR076C,0,0
YDR097C,0,0
YPL202C,0,0
YBR086C,0,0
YKL017C,0,0
YBR030W,0,0
YGL086W,0,0
YKL173W,0,0
YOR162C,0,0
YLR034C,0,0
YAL041W,0,0
YNR053C,0,0
YPR143W,0,0
YOL008W,0,0
YKL074C,0,0
YJL112W,0,0
YDR205W,0,0
YJL176C,0,0
YKL125W,0,0
YPR140W,0,0
YGL073W,0,0
YOR172W,0,0
YKL138C-A,0,0
YKL002W,0,0
YHR114W,0,0
YIL036W,0,0
YHR191C,0,0
YHL020C,0,0
YKL022C,0,0
YMR198W,0,0
YNL307C,0,0
YNL031C,0,0
YER089C,0,0
YBR172C,0,0
YDL002C,0,0
YLR451W,0,0
YER001W,0,0
YPR155C,0,0
YGR183C,0,0
YAL010C,0,0
YNR044W,0,0
YDL154W,0,0
YHR096C,0,0
YER112W,0,0
YOR284W,0,0
YDL159W,0,0
YPL206C,0,0
YHR181W,0,0
YLR466W,0,0
YML024W,0,0
YPL084W,0,0
YOR341W,0,0
YBR183W,0,0
YPL015C,0,0
YML113W,0,0
YJR160C,0,0
YER002W,0,0
YMR296C,0,0
YKL185W,0,0
YER179W,0,0
YDR172W,0,0
YLR371W,0,0
YOR063W,0,0
YDR294C,0,0
YEL013W,0,0
YLL035W,0,0
YJR006W,0,0
YDL134C,0,0
YEL061C,0,0
YBR079C,0,0
YLL040C,0,0
YBR234C,0,0
YGR103W,0,0
YBL008W,0,0
YDL100C,0,0
YOR267C,0,0
YJL005W,0,0
YMR263W,0,0
YJL026W,0,0
YPL265W,0,0
YJL020C,0,0
YNL121C,0,0
YNL078W,0,0
YOL078W,0,0
YJR147W,0,0
YPL176C,0,0
YER137C-A,0,0
YER154W,0,0
YPR186C,0,0
YER127W,0,0
YGR202C,0,0
YKL051W,0,0
YDR297W,0,0
YKL203C,0,0
YGR055W,0,0
YDL079C,0,0
YIL072W,0,0
YBR132C,0,0
YDR156W,0,0
YMR013C,0,0
YER016W,0,0
YLR262C,0,0
YOL004W,0,0
YPL032C,0,0
YLR097C,0,0
YCR009C,0,0
YLR071C,0,0
YNL039W,0,0
YNL279W,0,0
YPL130W,0,0
YBL007C,0,0
YGR200C,0,0
YGR145W,0,0
YPL012W,0,0
YGL027C,0,0
YOR295W,0,0
YOR007C,0,0
YCR052W,0,0
YJL164C,0,0
YOR148C,0,0
YNL037C,0,0
YDR073W,0,0
YPL045W,0,0
YBR087W,0,0
YMR267W,0,0
YLR075W,0,0
YLR310C,0,0
YPL131W,0,0
YOR120W,0,0
YER167W,0,0
YMR231W,0,0
YKL093W,0,0
YHR088W,0,0
YPR138C,0,0
YOR127W,0,0
YDL120W,0,0
YPL253C,0,0
YJL094C,0,0
YGL207W,0,0
YKL126W,0,0
YHR050W,0,0
YPR158C-D,0,0
YCR091W,0,0
YAR008W,0,0
YMR241W,0,0
YBR195C,0,0
YLR448W,0,0
YDR419W,0,0
YDR163W,0,0
YJL001W,0,0
YOR269W,0,0
YLR139C,0,0
YPL267W,0,0
YOR288C,0,0
YCL031C,0,0
YHR042W,0,0
YLR167W,0,0
YMR030W,0,0
YML011C,0,0
YGL136C,0,0
YLR214W,0,0
YGL093W,0,0
YNL264C,0,0
YCL029C,0,0
YGR218W,0,0
YIL019W,0,0
YER027C,0,0
YLR265C,0,0
YBR170C,0,0
YKR067W,0,0
YNL110C,0,0
YNL173C,0,0
YPL234C,0,0
YDR062W,0,0
YPL087W,0,0
YDR477W,0,0
YDR256C,0,0
YGR014W,0,0
YJL127C,0,0
YGL201C,0,0
YBL005W-B,0,0
YOR386W,0,0
YMR172W,0,0
YER026C,0,0
YDR322C-A,0,0
YMR186W,0,0
YBR060C,0,0
YDR478W,0,0
YKL190W,0,0
YNL070W,0,0
YER111C,0,0
YJL167W,0,0
YJR053W,0,0
YOR346W,0,0
YDR115W,0,0
YER095W,0,0
YGL078C,0,0
YOL038W,0,0
YDR490C,0,0
YHR120W,0,0
YPL115C,0,0
YHR062C,0,0
YIL070C,0,0
YNR015W,0,0
YLR060W,0,0
YBL030C,0,0
YCL005W-A,0,0
YIR009W,0,0
YDR210W-C,0,0
YOR123C,0,0
YLR095C,0,0
YER161C,0,0
YAL016W,0,0
YNL036W,0,0
YJL140W,0,0
YBR260C,0,0
YMR106C,0,0
YOR005C,0,0
YOR335C,0,0
YJL033W,0,0
YDL052C,0,0
YDL212W,0,0
YGL046W,0,0
YML059C,0,0
YKR025W,0,0
YLR272C,0,0
YML088W,0,0
YLR335W,0,0
YDR311W,0,0
YJL072C,0,0
YOR256C,0,0
YGR104C,0,0
YKL145W,0,0
YEL024W,0,0
YMR023C,0,0
YFL049W,0,0
YPR094W,0,0
YDR527W,0,0
YLL008W,0,0
YDR180W,0,0
YGR116W,0,0
YJL134W,0,0
YKL208W,0,0
YDR379W,0,0
YOL093W,0,0
YKL117W,0,0
YHR111W,0,0
YPR001W,0,0
YJL173C,0,0
YHR020W,0,0
YNL247W,0,0
YGR278W,0,0
YBL103C,0,0
YPL146C,0,0
YLR138W,0,0
YPR182W,0,0
YOR002W,0,0
YAL035W,0,0
YGL158W,0,0
YCL059C,0,0
YPL092W,0,0
YDL093W,0,0
YNL128W,0,0
YOL149W,0,0
YBR267W,0,0
YDR398W,0,0
YLR330W,0,0
YEL017C-A,0,0
YDR243C,0,0
YDR529C,0,0
YER129W,0,0
YER070W,0,0
YOL043C,0,0
YJL111W,0,0
YGR178C,0,0
YDL165W,0,0
YMR104C,0,0
YGL216W,0,0
YLR319C,0,0
YPL020C,0,0
YLR189C,0,0
YJL157C,0,0
YCR034W,0,0
YBR090C-A,0,0
YJL092W,0,0
YGR091W,0,0
YER142C,0,0
YPL001W,0,0
YPL121C,0,0
YOR103C,0,0
YMR117C,0,0
YNL159C,0,0
YML060W,0,0
YPL042C,0,0
YNL232W,0,0
YOR257W,0,0
YJR077C,0,0
YFL010W-A,0,0
YGL035C,0,0
YNL136W,0,0
YPR164W,0,0
YLR249W,0,0
YCR077C,0,0
YLR048W,0,0
YNL133C,0,0
YKL146W,0,0
YJR070C,0,0
YPL059W,0,0
YJR002W,0,0
YDL078C,0,0
YNL216W,0,0
YCR031C,0,0
YGR112W,0,0
YDR201W,0,0
YPL256C,0,0
YOL065C,0,0
YAL009W,0,0
YOL101C,0,0
YDR059C,0,0
YNL241C,0,0
YIL038C,0,0
YGL252C,0,0
YLR222C,0,0
YIR033W,0,0
YKR054C,0,0
YDL111C,0,0
YER003C,0,0
YPL078C,0,0
YOR035C,0,0
YBL034C,0,0
YBR106W,0,0
YJL003W,0,0
YGR247W,0,0
YGL206C,0,0
YPR042C,0,0
YPL019C,0,0
YKL052C,0,0
YNL107W,0,0
YCR039C,0,0
YAL059W,0,0
YPL147W,0,0
YHR124W,0,0
YMR290C,0,0
YHR060W,0,0
YPL200W,0,0
YGR188C,0,0
YNL053W,0,0
YOL013C,0,0
YDR324C,0,0
YGR013W,0,0
YBR257W,0,0
YLR035C-A,0,0
YPL095C,0,0
YDL148C,0,0
YML033W,0,0
YPL053C,0,0
YHR039C-A,0,0
YER025W,0,0
YBL075C,0,0
YOL067C,0,0
YOL039W,0,0
YBL013W,0,0
YBL099W,0,0
YLL031C,0,0
YLL021W,0,0
YML008C,0,0
YER045C,0,0
YOL016C,0,0
YIL112W,0,0
YJL008C,0,0
YLR144C,0,0
YLR205C,0,0
YOR308C,0,0
YDL030W,0,0
YDR375C,0,0
YLR353W,0,0
YKL200C,0,0
YCR060W,0,0
YPL096W,0,0
YLR435W,0,0
YNL014W,0,0
YER022W,0,0
YJL203W,0,0
YNL099C,0,0
YER018C,0,0
YBR142W,0,0
YER166W,0,0
YGR217W,0,0
YJL050W,0,0
YOR088W,0,0
YPR086W,0,0
YGL205W,0,0
YHR011W,0,0
YLR007W,0,0
YDR121W,0,0
YER061C,0,0
YDR093W,0,0
YNR013C,0,0
YPL179W,0,0
YDL155W,0,0
YOR279C,0,0
YDR362C,0,0
YHR056C,0,0
YNL284C-B,0,0
YPL213W,0,0
YDL039C,0,0
YNL230C,0,0
YOL158C,0,0
YPR034W,0,0
YGL120C,0,0
YHR123W,0,0
YNR030W,0,0
YPR189W,0,0
YMR016C,0,0
YLR321C,0,0
YBR040W,0,0
YPL096C-A,0,0
YJR049C,0,0
YER126C,0,0
YJL186W,0,0
YMR156C,0,0
YPR190C,0,0
YHR133C,0,0
YCL063W,0,0
YOR319W,0,0
YMR092C,0,0
YDR004W,0,0
YMR311C,0,0
YJL208C,0,0
YDR219C,0,0
YGR170W,0,0
YOL023W,0,0
YML025C,0,0
YCR058C,0,0
YKR002W,0,0
YJL124C,0,0
YDR363W,0,0
YEL002C,0,0
YNL259C,0,0
YDR165W,0,0
YGR220C,0,0
YPL135W,0,0
YNL282W,0,0
YDR106W,0,0
YMR061W,0,0
YDL226C,0,0
YDR512C,0,0
YDL046W,0,0
YER162C,0,0
YKL114C,0,0
YGR246C,0,0
YIR004W,1,1
YMR163C,1,1
YOR326W,1,1
YGL153W,1,1
YPR128C,1,1
YDR108W,1,1
YJL210W,1,1
YHR160C,1,1
YMR204C,1,1
YGL115W,1,1
YGR089W,0,1
YHR079C-A,0,1
YJL090C,0,1
YGL257C,0,1
YKR061W,0,1
YBL057C,0,1
YOR208W,0,1
YDR385W,0,1
YKL045W,0,1
YIR021W,0,1
YOR032C,0,1
YEL034W,0,1
YGL055W,0,1
YGR094W,0,1
YDR103W,0,1
YEL050C,0,1
YJL125C,0,1
YCR020W-B,0,1
YKR101W,0,1
YPL047W,0,1
YPL268W,0,1
YDR343C,0,1
YEL003W,0,1
YDL109C,0,1
YER012W,0,1
YCL051W,0,1
YDR195W,0,1
YLR254C,0,1
YDR159W,0,1
YBL051C,0,1
YBR237W,0,1
YER075C,0,1
YMR011W,0,1
YGL144C,0,1
YNL006W,0,1
YKL008C,0,1
YKR042W,0,1
YGR241C,0,1
YDR021W,0,1
YLR219W,0,1
YDR040C,0,1
YHR129C,0,1
YDR177W,0,1
YMR128W,0,1
YGR098C,0,1
YCR093W,0,1
YER094C,0,1
YMR029C,0,1
YML007W,0,1
YMR292W,0,1
YIL002C,0,1
YOL088C,0,1
YDR323C,0,1
YIL056W,0,1
YGL033W,0,1
YDR208W,0,1
YOR069W,0,1
YDR418W,0,1
YNR059W,0,1
YIL075C,0,1
YKL205W,0,1
YOL021C,0,1
YCR028C-A,0,1
YLR312C-B,0,1
YHR052W,0,1
YLR266C,0,1
YNR034W,0,1
YDR364C,0,1
YGL251C,0,1
YPR081C,0,1
YCL004W,0,1
YGL187C,0,1
YDR191W,0,1
YBL046W,0,1
YER032W,0,1
YGR211W,0,1
YDR425W,0,1
YLR452C,0,1
YIL009W,0,1
YPL069C,0,1
YLR467W,0,1
YNL270C,0,1
YBL079W,0,1
YLR459W,0,1
YOR327C,0,1
YDR034C-C,0,1
YDR492W,0,1
YPR030W,0,1
YDR359C,0,1
YOR272W,0,1
YOR089C,0,1
YML121W,0,1
YML115C,0,1
YLR067C,0,1
YJR112W,0,1
YGL094C,0,1
YOL090W,0,1
YJL102W,0,1
YAL043C,0,1
YIL062C,0,1
YNL172W,0,1
YLL018C-A,0,1
YJL091C,0,1
YDR075W,0,1
YDR446W,0,1
YJL122W,0,1
YGR222W,0,1
YOR159C,0,1
YJL198W,0,1
YGL240W,0,1
YOR150W,0,1
YMR227C,0,1
YOL091W,0,1
YLR206W,0,1
YOR313C,0,1
YML093W,0,1
YGL178W,0,1
YGL244W,0,1
YPR161C,0,1
YBL071W-A,0,1
YKL004W,0,1
YDR210C-C,0,1
YDL060W,0,1
YNL079C,0,1
YMR146C,0,1
YNL047C,0,1
YER020W,0,1
YLR270W,0,1
YOR061W,0,1
YPL231W,0,1
YJL045W,0,1
YBR083W,0,1
YMR047C,0,1
YPR162C,0,1
YGL233W,0,1
YHR158C,0,1
YOR156C,0,1
YMR288W,0,1
YOR343W-A,0,1
YNL054W-A,0,1
YDR447C,0,1
YJL133W,0,1
YER118C,0,1
YNL151C,0,1
YPR111W,0,1
YIL139C,0,1
YOR068C,0,1
YPR068C,0,1
YNL311C,0,1
YKR022C,0,1
YDR440W,0,1
YLL015W,0,1
YER006W,0,1
YKL201C,0,1
YBR244W,0,1
YER108C,0,1
YPR008W,0,1
YCR086W,0,1
YDR412W,0,1
YDR098C-A,0,1
YMR081C,0,1
YDR228C,0,1
YHR089C,0,1
YDL108W,0,1
YJR052W,0,1
YOL133W,0,1
YER008C,0,1
YKR099W,0,1
YGR007W,0,1
YDR378C,0,1
YJL093C,0,1
YPL155C,0,1
YNL293W,0,1
YLR003C,0,1
YML092C,0,1
YFR024C,0,1
YNR039C,0,1
YDL166C,0,1
YNL061W,0,1
YGR157W,0,1
YCL016C,0,1
YDR224C,0,1
YHR138C,0,1
YDR432W,0,1
YDR463W,0,1
YHR023W,0,1
YJL010C,0,1
YNL135C,0,1
YDR451C,0,1
YBR037C,0,1
YGL013C,0,1
YNL221C,0,1
YAL001C,0,1
YJR102C,0,1
YBR114W,0,1
YCL043C,0,1
YDL170W,0,1
YPR056W,0,1
YHR012W,0,1
YGR056W,0,1
YPL076W,0,1
YIL160C,0,1
YMR127C,0,1
YML130C,0,1
YPR036W,0,1
YJR050W,0,1
YMR058W,0,1
YLR085C,0,1
YHR214C-C,0,1
YLR433C,0,1
YML029W,0,1
YAL024C,0,1
YNL283C,0,1
YDR264C,0,1
YOR290C,0,1
YMR211W,0,1
YGR275W,0,1
YMR012W,0,1
YLR103C,0,1
YCR081W,0,1
YKL038W,0,1
YNL156C,0,1
YBL022C,0,1
YDR261W-A,0,1
YDR325W,0,1
YER103W,0,1
YML081C-A,0,1
YBR119W,0,1
YDR283C,0,1
YBR066C,0,1
YNL001W,0,1
YPR100W,0,1
YLR190W,0,1
YCR083W,0,1
YOR349W,0,1
YHR019C,0,1
YDR424C,0,1
YML039W,0,1
YJL035C,0,1
YGR254W,0,1
YIL106W,0,1
YPL233W,0,1
YJL168C,0,1
YOL135C,0,1
YLR403W,0,1
YPL224C,0,1
YDL164C,0,1
YLR293C,0,1
YDL227C,0,1
YJR013W,0,1
YPR171W,0,1
YFL036W,0,1
YHR066W,0,1
YOR367W,0,1
YNL273W,0,1
YBR085W,0,1
YGR272C,0,1
YHL007C,0,1
YGL213C,0,1
YPL106C,0,1
YPL117C,0,1
YBR029C,0,1
YGL119W,0,1
YNL118C,0,1
YMR101C,0,1
YPL145C,0,1
YOL112W,0,1
YCR055C,0,1
YER007W,0,1
YNL145W,0,1
YOR321W,0,1
YGL071W,0,1
YBR121C,0,1
YDR330W,0,1
YDL236W,0,1
YEL009C,0,1
YMR313C,0,1
YKL053C-A,0,1
YER029C,0,1
YPR124W,0,1
YDL074C,0,1
YAL025C,0,1
YMR175W,0,1
YMR201C,0,1
YKL064W,0,1
YER044C-A,0,1
YCR037C,0,1
YJR057W,0,1
YDL142C,0,1
YOR231W,0,1
YJL170C,0,1
YHL028W,0,1
YER100W,0,1
YNL248C,0,1
YLR092W,0,1
YGL208W,0,1
YJR017C,0,1
YPL188W,0,1
YPL160W,0,1
YPL175W,0,1
YDR331W,0,1
YHR065C,0,1
YJL025W,0,1
YKL113C,0,1
YOL012C,0,1
YKR019C,0,1
YJL110C,0,1
YLL006W,0,1
YCL024W,0,1
YAR010C,0,1
YDR397C,0,1
YKL012W,0,1
YER109C,0,1
YMR168C,0,1
YBR135W,0,1
YOR270C,0,1
YJR119C,0,1
YGL045W,0,1
YPR131C,0,1
YPR018W,0,1
YDR317W,0,1
YIR015W,0,1
YHL036W,0,1
YMR006C,0,1
YNL206C,0,1
YNL068C,0,1
YPR135W,0,1
YEL015W,0,1
YHR001W-A,0,1
YDR183W,0,1
YPL082C,0,1
YJL219W,0,1
YOR178C,0,1
YLR224W,0,1
YMR260C,0,1
YPR108W,0,1
YHL009C,0,1
YKR003W,0,1
YFR041C,0,1
YGR161W-B,0,1
YNL026W,0,1
YBL052C,0,1
YML064C,0,1
YBR010W,0,1
YER015W,0,1
YER123W,0,1
YDL245C,0,1
YMR309C,0,1
YKR038C,0,1
YLR316C,0,1
YLR385C,0,1
YDR240C,0,1
YOL066C,0,1
YDR392W,0,1
YFL011W,0,1
YGR252W,0,1
YDR259C,0,1
YOR381W,0,1
YGR059W,0,1
YJL207C,0,1
YGR040W,0,1
YPL274W,0,1
YPR141C,0,1
YLL002W,0,1
YKL194C,0,1
YHR014W,0,1
YNL103W,0,1
YLR410W-B,0,1
YDL140C,0,1
YBR177C,0,1
YDR098C-B,0,1
YDR023W,0,1
YCR072C,0,1
YOL060C,0,1
YKL101W,0,1
YLR221C,0,1
YLR109W,0,1
YDR320C-A,0,1
YDR060W,0,1
YPL174C,0,1
YKL005C,0,1
YPL110C,0,1
YLR132C,0,1
YLR227W-A,0,1
YMR134W,0,1
YNR003C,0,1
YFL025C,0,1
YDR078C,0,1
YLR355C,0,1
YFL018W-A,0,1
YPL018W,0,1
YLR051C,0,1
YKL011C,0,1
YFR003C,0,1
YDR131C,0,1
YLR381W,0,1
YLR006C,0,1
YDR296W,0,1
YBL026W,0,1
YEL019C,0,1
YJL058C,0,1
YOR151C,0,1
YGL249W,0,1
YOL111C,0,1
YCR028C,0,1
YGR108W,0,1
YOR004W,0,1
YPL007C,0,1
YLR234W,0,1
YNR011C,0,1
YGL037C,0,1
YMR039C,0,1
YDR461W,0,1
YGR005C,0,1
YGL008C,0,1
YBR173C,0,1
YGL167C,0,1
YFL005W,0,1
YMR240C,0,1
YCR073W-A,0,1
YOL108C,0,1
YKR035W-A,0,1
YOR261C,0,1
YBR100W,0,1
YAL034W-A,0,1
YER143W,0,1
YGR140W,0,1
YBL074C,0,1
YKL009W,0,1
YOL077W-A,0,1
YKR039W,0,1
YOL144W,0,1
YMR069W,0,1
YNL267W,0,1
YBR179C,0,1
YOR144C,0,1
YCL060C,0,1
YML124C,0,1
YGL225W,0,1
YNL326C,0,1
YBR156C,0,1
YIL053W,0,1
YGR088W,0,1
YBR198C,0,1
YMR025W,0,1
YOL071W,0,1
YOR080W,0,1
YML086C,0,1
YOR372C,0,1
YFL002W-B,0,1
YDR146C,0,1
YPL257W-A,0,1
YGR101W,0,1
YDL230W,0,1
YMR056C,0,1
YKL188C,0,1
YKR087C,0,1
YLL036C,0,1
YJL081C,0,1
YGR161W-A,0,1
YIL031W,0,1
YDR258C,0,1
YDR308C,0,1
YGR161C,0,1
YOR038C,0,1
YOR043W,0,1
YPL028W,0,1
YOR206W,0,1
YDL017W,0,1
YDR345C,0,1
YMR197C,0,1
YJR073C,0,1
YDR130C,0,1
YOR047C,0,1
YPL187W,0,1
YLL024C,0,1
YJL059W,0,1
YBR041W,0,1
YCL066W,0,1
YKR024C,0,1
YLR298C,0,1
YPL116W,0,1
YPL156C,0,1
YGL172W,0,1
YOL063C,0,1
YDR434W,0,1
YPL132W,0,1
YDL006W,0,1
YJR063W,0,1
YGL058W,0,1
YLR288C,0,1
YFL035C-A,0,1
YDL217C,0,1
YML043C,0,1
YPR193C,0,1
YBR022W,0,1
YGR044C,0,1
YCR027C,0,1
YNL054W,0,1
YPR023C,0,1
YER177W,0,1
YGR144W,0,1
YDR080W,0,1
YER168C,0,1
YNR049C,0,1
YFL022C,0,1
YPL237W,0,1
YJL146W,0,1
YOL127W,0,1
YNL330C,0,1
YLR133W,0,1
YBL025W,0,1
YLR376C,0,1
YMR161W,0,1
YPL167C,0,1
YDR443C,0,1
YGL195W,0,1
YLL009C,0,1
YPR041W,0,1
YDR126W,0,1
YOL006C,0,1
YNL142W,0,1
YNL218W,0,1
YOR011W,0,1
YCR042C,0,1
YDR217C,0,1
YDR190C,0,1
YJR029W,0,1
YGR074W,0,1
YBR058C-A,0,1
YGL020C,0,1
YPR080W,0,1
YKL035W,0,1
YML031W,0,1
YDL095W,0,1
YDR314C,0,1
YJR082C,0,1
YKL149C,0,1
YBL002W,0,1
YDL208W,0,1
YOR298W,0,1
YGL038C,0,1
YDR339C,0,1
YGR135W,0,1
YLR115W,0,1
YMR137C,0,1
YER093C,0,1
YDR261C-D,0,1
YAL054C,0,1
YBR188C,0,1
YML109W,0,1
YGR258C,0,1
YMR079W,0,1
YLR022C,0,1
YPR181C,0,1
YNL020C,0,1
YMR087W,0,1
YER068W,0,1
YMR139W,0,1
YHR083W,0,1
YOR030W,0,1
YGL099W,0,1
YLR119W,0,1
YGL166W,0,1
YPL203W,0,1
YPL242C,0,1
YHR193C,0,1
YAL026C,0,1
YIR006C,0,1
YKR072C,0,1
YIR037W,0,1
YDL190C,0,1
YBR012W-A,0,1
YBR201W,0,1
YEL022W,0,1
YOR343W-B,0,1
YPR119W,0,1
YMR091C,0,1
YBR279W,0,1
YHL034C,0,1
YGL105W,0,1
YMR283C,0,1
YOR079C,0,1
YGR006W,0,1
YGL097W,0,1
YBL047C,0,1
YOR116C,0,1
YPL093W,0,1
YDR182W,0,1
YPL008W,0,1
YOR344C,0,1
YOR348C,0,1
YEL030W,0,1
YDR123C,0,1
YFR040W,0,1
YLR126C,0,1
YNL093W,0,1
YCL026C-A,0,1
YDL005C,0,1
YDR386W,0,1
YOL010W,0,1
YJL063C,0,1
YJR045C,0,1
YER082C,0,1
YCL003W,0,1
YDL087C,0,1
YJR069C,0,1
YOR173W,0,1
YHR214C-B,0,1
YLR320W,0,1
YLR284C,0,1
YDR470C,0,1
YJR158W,0,1
YPL046C,0,1
YOR142W-A,0,1
YER036C,0,1
YNL003C,0,1
YEL027W,0,1
YEL051W,0,1
YBL003C,0,1
YLR450W,0,1
YLR068W,0,1
YGL232W,0,1
YOR213C,0,1
YDR414C,0,1
YBR250W,0,1
YPL065W,0,1
YLR100W,0,1
YNL202W,0,1
YOL156W,0,1
YAL002W,0,1
YNL029C,0,1
YLR181C,0,1
YJL076W,0,1
YNL025C,0,1
YFL004W,0,1
YBL084C,0,1
YJL098W,0,1
YER146W,0,1
YJL183W,0,1
YGR047C,0,1
YGR238C,0,1
YJR059W,0,1
YDR025W,0,1
YAR003W,0,1
YGL068W,0,1
YGR027W-B,0,1
YHR135C,0,1
YNL045W,0,1
YDR162C,0,1
YPL097W,0,1
YML127W,0,1
YCR098C,0,1
YDR113C,0,1
YIL123W,0,1
YLR200W,0,1
YPR133C,0,1
YPL211W,0,1
YDR310C,0,1
YLR023C,0,1
YDL132W,0,1
YDR153C,0,1
YLR005W,0,1
YKL212W,0,1
YER169W,0,1
YFR019W,0,1
YNL064C,0,1
YFL037W,0,1
YDR245W,0,1
YKL112W,0,1
YOL104C,0,1
YGL246C,0,1
YFL016C,0,1
YGR080W,0,1
YGL192W,0,1
YJL179W,0,1
YML058W,0,1
YLR229C,0,1
YNL169C,0,1
YNR002C,0,1
YHR108W,0,1
YOL146W,0,1
YHL006C,0,1
YDL188C,0,1
YLR242C,0,1
YPL266W,0,1
YGL006W,0,1
YGL169W,0,1
YIL063C,0,1
YNR052C,0,1
YPR103W,0,1
YML045W,0,1
YJR068W,0,1
YEL065W,0,1
YJR150C,0,1
YMR075W,0,1
YBR161W,0,1
YBR296C,0,1
YCL008C,0,1
YMR246W,0,1
YLR127C,0,1
YJR084W,0,1
YNL048W,0,1
YBL101W-A,0,1
YNL312W,0,1
YLR401C,0,1
YPR010C,0,1
YLR035C,0,1
YMR188C,0,1
YOR027W,0,1
YBR112C,0,1
YOR294W,0,1
YPR065W,0,1
YDR369C,0,1
YPR158C-C,0,1
YGL087C,0,1
YJR104C,0,1
YMR133W,0,1
YPR020W,0,1
YMR224C,0,1
YCL010C,0,1
YDR389W,0,1
YFR005C,0,1
YKL028W,0,1
YLR442C,0,1
YPL128C,0,1
YJL209W,0,1
YBL064C,0,1
YKR066C,0,1
YDR017C,0,1
YMR190C,0,1
YNL329C,1,2
YDR244W,1,2
YHR150W,1,2
YPL112C,1,2
YAL055W,1,2
YPR049C,1,2
YDR479C,1,2
YDL065C,1,2
YAL051W,1,2
YOR193W,1,2
YJL012C,0,2
YPR183W,0,2
YGL209W,0,2
YOR371C,0,2
YJL085W,0,2
YOR142W-B,0,2
YDL028C,0,2
YML095C,0,2
YLR447C,0,2
YFL055W,0,2
YPL193W,0,2
YOR033C,0,2
YBR152W,0,2
YNL210W,0,2
YNL284C-A,0,2
YDR494W,0,2
YOR192C-A,0,2
YIL033C,0,2
YGL150C,0,2
YML099C,0,2
YIL034C,0,2
YNL075W,0,2
YGL162W,0,2
YPL255W,0,2
YNL339C,0,2
YJL166W,0,2
YKR046C,0,2
YOR329C,0,2
YPL083C,0,2
YGR177C,0,2
YGR038C-B,0,2
YNL009W,0,2
YNR023W,0,2
YMR276W,0,2
YFL003C,0,2
YMR054W,0,2
YOR171C,0,2
YLR136C,0,2
YGL070C,0,2
YPL118W,0,2
YDL033C,0,2
YFR053C,0,2
YHR196W,0,2
YML069W,0,2
YNL314W,0,2
YJR153W,0,2
YJR094C,0,2
YPR137W,0,2
YKL213C,0,2
YMR045C,0,2
YJR035W,0,2
YDR421W,0,2
YDR188W,0,2
YJL113W,0,2
YCR044C,0,2
YDR460W,0,2
YJR145C,0,2
YIL144W,0,2
YNL310C,0,2
YOL097C,0,2
YGR075C,0,2
YGL018C,0,2
YJR033C,0,2
YHR058C,0,2
YDL036C,0,2
YJR118C,0,2
YBR035C,0,2
YIL121W,0,2
YDR400W,0,2
YKL016C,0,2
YPR179C,0,2
YGR199W,0,2
YDR079C-A,0,2
YOR133W,0,2
YDR277C,0,2
YMR314W,0,2
YOL122C,0,2
YPL055C,0,2
YLR147C,0,2
YBR098W,0,2
YKR009C,0,2
YJL080C,0,2
YNR046W,0,2
YIL131C,0,2
YKL130C,0,2
YKR052C,0,2
YDR464W,0,2
YIL017C,0,2
YAR009C,0,2
YBR015C,0,2
YHR041C,0,2
YGL210W,0,2
YIL085C,0,2
YGR003W,0,2
YDR065W,0,2
YDR214W,0,2
YML045W-A,0,2
YDL003W,0,2
YKR095W-A,0,2
YDR516C,0,2
YML028W,0,2
YNR075W,0,2
YKL034W,0,2
YIR026C,0,2
YIL095W,0,2
YLR394W,0,2
YKR020W,0,2
YKR008W,0,2
YDR513W,0,2
YPR067W,0,2
YLR370C,0,2
YML075C,0,2
YOR109W,0,2
YAL005C,0,2
YLR081W,0,2
YCR080W,0,2
YLL013C,0,2
YFL033C,0,2
YPR016C,0,2
YOR119C,0,2
YOR136W,0,2
YDR176W,0,2
YLR207W,0,2
YOL105C,0,2
YOR201C,0,2
YHR082C,0,2
YDR518W,0,2
YBR211C,0,2
YDL051W,0,2
YPL212C,0,2
YJL154C,0,2
YPR005C,0,2
YOR140W,0,2
YML112W,0,2
YML132W,0,2
YDR148C,0,2
YDR137W,0,2
YNL090W,0,2
YER133W,0,2
YFL011W-A,0,2
YER104W,0,2
YGR262C,0,2
YGR008C,0,2
YML032C,0,2
YGL236C,0,2
YLR399C,0,2
YNL222W,0,2
YHR072W-A,0,2
YMR042W,0,2
YBR265W,0,2
YOL077C,0,2
YML048W,0,2
YNL251C,0,2
YBR215W,0,2
YPL196W,0,2
YBR107C,0,2
YPR144C,0,2
YCL075W,0,2
YGR296W,0,2
YIL030C,0,2
YDR166C,0,2
YLR045C,0,2
YKL058W,0,2
YER120W,0,2
YPL060C-A,0,2
YIL073C,0,2
YPR191W,0,2
YNL261W,0,2
YPL228W,0,2
YOR198C,0,2
YLL022C,0,2
YML036W,0,2
YML047C,0,2
YPR031W,0,2
YLR153C,0,2
YER072W,0,2
YKR029C,0,2
YMR302C,0,2
YGL030W,0,2
YDR303C,0,2
YBR160W,0,2
YDR167W,0,2
YMR236W,0,2
YGR072W,0,2
YGL044C,0,2
YGR037C,0,2
YHR026W,0,2
YOR315W,0,2
YHR070W,0,2
YOR073W,0,2
YBR130C,0,2
YPR055W,0,2
YBR295W,0,2
YNL244C,0,2
YNL286W,0,2
YJL148W,0,2
YIL065C,0,2
YER030W,0,2
YGR169C,0,2
YMR119W,0,2
YDR365W-B,0,2
YAL021C,0,2
YJL101C,0,2
YEL066W,0,2
YBL061C,0,2
YGL063W,0,2
YCL067C,0,2
YLR039C,0,2
YDR295C,0,2
YIL051C,0,2
YDR270W,0,2
YNL127W,0,2
YLR410W-A,0,2
YKL129C,0,2
YBR247C,0,2
YML129C,0,2
YOL045W,0,2
YML021C,0,2
YPL057C,0,2
YIL117C,0,2
YNL288W,0,2
YOR221C,0,2
YJR027W,0,2
YHR161C,0,2
YOR180C,0,2
YOR287C,0,2
YJR031C,0,2
YKR026C,0,2
YHR172W,0,2
YPL221W,0,2
YDR423C,0,2
YBR214W,0,2
YPR078C,0,2
YBL050W,0,2
YLR208W,0,2
YBR097W,0,2
YOR087W,0,2
YBR193C,0,2
YAL058W,0,2
YGR029W,0,2
YIR017C,0,2
YDR448W,0,2
YJL204C,0,2
YPL139C,0,2
YDR453C,0,2
YLL026W,0,2
YDR225W,0,2
YGR159C,0,2
YIR010W,0,2
YNL111C,0,2
YDR260C,0,2
YOL072W,0,2
YOR340C,0,2
YOR094W,0,2
YLR240W,0,2
YGL116W,0,2
YML049C,0,2
YHR183W,0,2
YDL076C,0,2
YML057W,0,2
YGL053W,0,2
YML014W,0,2
YBR212W,0,2
YDR404C,0,2
YKL025C,0,2
YML052W,0,2
YER049W,0,2
YML080W,0,2
YIR025W,0,2
YDR483W,0,2
YDR507C,0,2
YIR018W,0,2
YDL024C,0,2
YGR225W,0,2
YOR368W,0,2
YKL056C,0,2
YOL117W,0,2
YDR457W,0,2
YDR261C-C,0,2
YDR285W,0,2
YJL138C,0,2
YGR036C,0,2
YGL113W,0,2
YBL019W,0,2
YGR162W,0,2
YML123C,0,2
YDR289C,0,2
YFR013W,0,2
YPL127C,0,2
YOR023C,0,2
YHR092C,0,2
YOR298C-A,0,2
YDR096W,0,2
YHL040C,0,2
YNL278W,0,2
YLR382C,0,2
YEL020W-A,0,2
YLR216C,0,2
YNL281W,0,2
YNL246W,0,2
YDR014W-A,0,2
YKL018W,0,2
YMR184W,0,2
YDL130W,0,2
YDR043C,0,2
YOL124C,0,2
YDR247W,0,2
YER147C,0,2
YLR201C,0,2
YDR221W,0,2
YDR469W,0,2
YLR096W,0,2
YDL098C,0,2
YNL297C,0,2
YOR217W,0,2
YBL018C,0,2
YLL001W,0,2
YDR487C,0,2
YHR157W,0,2
YKL040C,0,2
YGR063C,0,2
YIL079C,0,2
YOR204W,0,2
YGR289C,0,2
YCR075C,0,2
YML041C,0,2
YDL200C,0,2
YIL080W,0,2
YMR065W,0,2
YBR006W,0,2
YLR088W,0,2
YJR086W,0,2
YDR092W,0,2
YCR048W,0,2
YGL173C,0,2
YEL018W,0,2
YKL042W,0,2
YGR216C,0,2
YIL122W,0,2
YJL011C,0,2
YPL006W,0,2
YMR037C,0,2
YPR019W,0,2
YPR173C,0,2
YKL054C,0,2
YPL033C,0,2
YOR157C,0,2
YIL128W,0,2
YML006C,0,2
YDL229W,0,2
YPR021C,0,2
YLR102C,0,2
YJR141W,0,2
YMR051C,0,2
YKL165C,0,2
YDR151C,0,2
YHR188C,0,2
YJR135W-A,0,2
YLL038C,0,2
YLR047C,0,2
YDR456W,0,2
YMR202W,0,2
YPR057W,0,2
YLR332W,0,2
YGR134W,0,2
YAR018C,0,2
YLR291C,0,2
YPR104C,0,2
YBR228W,0,2
YPL190C,0,2
YHR119W,0,2
YDR210W-D,0,2
YLR223C,0,2
YER171W,0,2
YJL089W,0,2
YBL024W,0,2
YFR004W,0,2
YEL004W,0,2
YMR046C,0,2
YER028C,0,2
YPL037C,0,2
YKL178C,0,2
YHR084W,0,2
YFL031W,0,2
YDR118W,0,2
YMR053C,0,2
YOR137C,0,2
YDL043C,0,2
YHR039C,0,2
YBR073W,0,2
YPL089C,0,2
YBR273C,0,2
YML034W,0,2
YJR083C,0,2
YJL184W,0,2
YHR174W,0,2
YMR001C,0,2
YLL003W,0,2
YNL094W,0,2
YDR376W,0,2
YIL115C,0,2
YKR014C,0,2
YEL036C,0,2
YDR489W,0,2
YJL145W,0,2
YER054C,0,2
YLR449W,0,2
YBR258C,0,2
YGR109W-A,0,2
YOR274W,0,2
YKL140W,0,2
YPL177C,0,2
YDL031W,0,2
YKL049C,0,2
YML104C,0,2
YBL004W,0,2
YBR133C,0,2
YBR298C,0,2
YAL031C,0,2
YMR008C,0,2
YDL059C,0,2
YDR178W,0,2
YDR207C,0,2
YNL325C,0,2
YER145C,0,2
YKL062W,0,2
YJL108C,0,2
YPL101W,0,2
YBL100W-A,0,2
YDR168W,0,2
YOR067C,0,2
YJL047C,0,2
YGR048W,0,2
YMR284W,0,2
YIL154C,0,2
YDR036C,0,2
YGL174W,0,2
YPR054W,0,2
YOR122C,0,2
YLR212C,0,2
YGR030C,0,2
YMR319C,0,2
YPR175W,0,2
YPL043W,0,2
YDL008W,0,2
YLR363C,0,2
YDR486C,0,2
YBR240C,0,2
YHR067W,0,2
YMR036C,0,2
YDR388W,0,2
YPL011C,0,2
YER190W,0,2
YDR145W,0,2
YNR074C,0,2
YJL018W,0,2
YGL012W,0,2
YDR194C,0,2
YLR248W,0,2
YNL207W,0,2
YCL019W,0,2
YLR337C,0,2
YNL243W,0,2
YMR078C,0,2
YKL021C,0,2
YPR112C,0,2
YJR007W,0,2
YBR061C,0,2
YGR280C,0,2
YLR182W,0,2
YHR206W,0,2
YMR021C,0,2
YMR125W,0,2
YLR386W,0,2
YMR192W,0,2
YPL138C,0,2
YML110C,0,2
YGL089C,0,2
YJR140C,0,2
YDR022C,0,2
YLR192C,0,2
YHR204W,0,2
YIL037C,0,2
YAL011W,0,2
YDR143C,0,2
YGL022W,0,2
YMR298W,0,2
YNL231C,0,2
YFR009W,0,2
YHL038C,0,2
YOL005C,0,2
YOR304W,0,2
YIL014W,0,2
YPR007C,0,2
YCR040W,0,2
YKL081W,0,2
YMR277W,0,2
YMR050C,0,2
YER160C,0,2
YLR430W,0,2
YLR079W,0,2
YCL035C,0,2
YBR080C,0,2
YCL032W,0,2
YDR261W-B,0,2
YDR284C,0,2
YHR008C,0,2
YGL075C,0,2
YLR015W,0,2
YGL047W,0,2
YBR276C,0,2
YPR110C,0,2
YGR158C,0,2
YKL085W,0,2
YPL178W,0,2
YPL153C,0,2
YNL138W,0,2
YGL163C,0,2
YMR220W,0,2
YPL283C,0,2
YPL164C,0,2
YMR162C,0,2
YGR002C,0,2
YER088C,0,2
YMR138W,0,2
YAL029C,0,2
YKR060W,0,2
YNL271C,0,2
YFR050C,0,2
YCR024C-A,0,2
YEL063C,0,2
YDR515W,0,2
YGL229C,0,2
YHR027C,0,2
YDL161W,0,2
YGL175C,0,2
YPL140C,0,2
YOR207C,0,2
YDR016C,0,2
YGL194C,0,2
YGR122W,0,2
YJL034W,0,2
YGL253W,0,2
YGR175C,0,2
YBR127C,0,2
YDL022W,0,2
YLL027W,0,2
YOR117W,0,2
YBL009W,0,2
YKL192C,0,2
YNL149C,0,2
YML074C,0,2
YDR394W,0,2
YAL023C,0,2
YDR045C,0,2
YNL016W,0,2
YKR007W,0,2
YDR280W,0,2
YOR056C,0,2
YDL115C,0,2
YFR055W,0,2
YLR105C,0,2
YFR037C,0,2
YKL026C,0,2
YML073C,0,2
YNL291C,0,2
YMR213W,0,2
YFR001W,0,2
YDR013W,0,2
YOR129C,0,2
YNL309W,0,2
YFR008W,0,2
YHL003C,0,2
YCR038C,0,2
YFR033C,0,2
YPL124W,0,2
YBR095C,0,2
YDR316W-A,0,2
YDL084W,0,2
YML091C,0,2
YNL262W,0,2
YPL151C,0,2
YHL024W,0,2
YJL029C,0,2
YOR224C,0,2
YJL116C,0,2
YDR210W-A,0,2
YPL204W,0,2
YOR275C,0,2
YOL145C,0,2
YBR236C,0,2
YKL015W,0,2
YNL139C,0,2
YLR196W,0,2
YLL041C,0,2
YMR219W,0,2
YGR132C,0,2
YPR072W,0,2
YJL019W,0,2
YKL110C,0,2
YGR161C-C,0,2
YPL075W,0,2
YOL130W,0,2
YPL002C,0,2
YLR056W,0,2
YHR086W,0,2
YGL014W,0,2
YLR396C,0,2
YFL002W-A,0,2
YDR301W,0,2
YDR052C,0,2
YNL177C,0,2
YER021W,0,2
YKL143W,0,2
YJL114W,0,2
YFL008W,0,2
YNL091W,0,2
YMR200W,0,2
YBR243C,0,2
YGL133W,0,2
YKL014C,0,2
YGL255W,0,2
YER051W,0,2
YMR273C,0,2
YJL056C,0,2
YIR005W,0,2
YHR034C,0,2
YDR116C,0,2
YDR517W,0,2
YCL069W,0,2
YBR275C,0,2
YDL007W,0,2
YPL235W,0,2
YBR065C,0,2
YDR416W,0,2
YGL171W,0,2
YMR015C,0,2
YNL163C,0,2
YBL011W,0,2
YOL139C,0,2
YKL007W,0,2
YLR260W,0,2
YOR332W,0,2
YHR081W,0,2
YNL015W,0,2
YOR064C,0,2
YOL028C,0,2
YLR033W,0,2
YKL148C,0,2
YGR230W,0,2
YOL142W,0,2
YKL119C,0,2
YBR024W,0,2
YDR436W,0,2
YGR109W-B,0,2
YDL135C,0,2
YPL152W,0,2
YGR253C,0,2
YDR437W,0,2
YJR004C,0,2
YBR182C,0,2
YOR244W,0,2
YCR053W,0,2
YDR309C,0,2
YMR275C,0,2
YPL194W,0,2
YBR158W,0,2
YKL082C,0,2
YPR158W-A,0,2
YHR007C,0,2
YGR171C,0,2
YDR503C,0,2
YMR165C,0,2
YER031C,0,2
YCR094W,0,2
YGL048C,0,2
YBR278W,0,2
YPR120C,0,2
YCR033W,0,2
YLR176C,0,2
YHR079C,0,2
YLR220W,0,2
YIL126W,0,2
YFR046C,0,2
YLR129W,0,2
YMR076C,0,2
YHR187W,0,2
YBL106C,0,2
YMR173W,0,2
YDR484W,0,2
YGR113W,0,2
YDR079W,0,2
YGR231C,0,2
YBR088C,0,2
YHR073W,0,2
YGR083C,0,2
YBL020W,0,2
YFR021W,0,2
YMR301C,0,2
YLR227W-B,0,2
YGL011C,0,2
YMR068W,0,2
YDR077W,0,2
YHR072W,0,2
YNL123W,0,2
YMR043W,0,2
YKR028W,0,2
YJL194W,0,2
YDR485C,0,2
YDR076W,0,2
YOL094C,0,2
YBL056W,0,2
YER125W,0,2
YJR047C,0,2
YPL098C,0,2
YHR142W,0,2
YIR012W,0,2
YCL025C,0,2
YDR081C,0,2
YMR234W,0,2
YHR094C,0,2
YBL100W-B,0,2
YOL100W,0,2
YGL106W,0,2
YMR164C,0,2
YBR280C,0,2
YJR090C,0,2
YIL007C,0,2
YDL047W,0,2
YIL082W-A,0,2
YDR028C,0,2
YNL242W,1,3
YDR329C,1,3
YGR133W,1,3
YKR001C,1,3
YKL197C,1,3
YGR239C,1,3
YOR084W,1,3
YDR142C,1,3
YNL214W,1,3
YDR216W,1,3
YMR235C,0,3
YKR079C,0,3
YNR019W,0,3
YDR210W-B,0,3
YOR132W,0,3
YMR281W,0,3
YLL043W,0,3
YER138C,0,3
YNL236W,0,3
YJR001W,0,3
YMR033W,0,3
YNL209W,0,3
YDR337W,0,3
YBL039C,0,3
YML027W,0,3
YLR384C,0,3
YNR008W,0,3
YDR341C,0,3
YJR120W,0,3
YKL172W,0,3
YGL219C,0,3
YFL039C,0,3
YGR020C,0,3
YDL147W,0,3
YGL021W,0,3
YFL041W,0,3
YHR205W,0,3
YGR156W,0,3
YLR256W-A,0,3
YGR123C,0,3
YKL182W,0,3
YDR122W,0,3
YBL041W,0,3
YDR181C,0,3
YFR024C-A,0,3
YKR062W,0,3
YLR304C,0,3
YDR488C,0,3
YOR020C,0,3
YOR209C,0,3
YNL302C,0,3
YDR099W,0,3
YBR049C,0,3
YLR130C,0,3
YDL042C,0,3
YBR129C,0,3
YLR411W,0,3
YDL201W,0,3
YBR175W,0,3
YGL029W,0,3
YGR027W-A,0,3
YMR072W,0,3
YPR037C,0,3
YDL185W,0,3
YOR001W,0,3
YDR071C,0,3
YHR005C,0,3
YLR238W,0,3
YCL044C,0,3
YNL298W,0,3
YFR036W,0,3
YNL290W,0,3
YDR346C,0,3
YER005W,0,3
YBR253W,0,3
YBL080C,0,3
YOR130C,0,3
YPL170W,0,3
YLR275W,0,3
YOR076C,0,3
YDR101C,0,3
YDR027C,0,3
YOL011W,0,3
YOR260W,0,3
YGR165W,0,3
YDL105W,0,3
YKL055C,0,3
YLR342W,0,3
YGL126W,0,3
YLR110C,0,3
YPL241C,0,3
YJR143C,0,3
YAL033W,0,3
YOR265W,0,3
YDL044C,0,3
YOL009C,0,3
YBR111W-A,0,3
YIL138C,0,3
YMR229C,0,3
YDR276C,0,3
YMR316W,0,3
YNL119W,0,3
YOR037W,0,3
YOR191W,0,3
YIL124W,0,3
YDL150W,0,3
YOR142W,0,3
YMR287C,0,3
YKR053C,0,3
YER159C-A,0,3
YGL122C,0,3
YGL151W,0,3
YLR106C,0,3
YJL191W,0,3
YPL270W,0,3
YFL013C,0,3
YOL121C,0,3
YBR169C,0,3
YDR306C,0,3
YIR019C,0,3
YNL116W,0,3
YBR084W,0,3
YNR016C,0,3
YOR245C,0,3
YLR116W,0,3
YLR305C,0,3
YDR288W,0,3
YNR072W,0,3
YDL128W,0,3
YBR245C,0,3
YDR138W,0,3
YNL062C,0,3
YPL040C,0,3
YML062C,0,3
YGR070W,0,3
YNL066W,0,3
YOL103W-A,0,3
YGL090W,0,3
YDR213W,0,3
YIL048W,0,3
YML001W,0,3
YOR195W,0,3
YCR035C,0,3
YMR270C,0,3
YER164W,0,3
YAL047C,0,3
YLR009W,0,3
YGL168W,0,3
YGR244C,0,3
YDL029W,0,3
YNL073W,0,3
YAL056W,0,3
YGL222C,0,3
YDR449C,0,3
YDL223C,0,3
YDR302W,0,3
YLR025W,0,3
YJL054W,0,3
YDR173C,0,3
YDL130W-A,0,3
YHR085W,0,3
YMR264W,0,3
YCL062W,0,3
YJL117W,0,3
YBR091C,0,3
YOR377W,0,3
YOL076W,0,3
YDL112W,0,3
YDR263C,0,3
YBR290W,0,3
YER119C,0,3
YFR027W,0,3
YGR279C,0,3
YMR112C,0,3
YHR190W,0,3
YHL022C,0,3
YER122C,0,3
YGR060W,0,3
YPR122W,0,3
YOR026W,0,3
YOR179C,0,3
YGL142C,0,3
YNR026C,0,3
YOL102C,0,3
YOL125W,0,3
YER040W,0,3
YCR065W,0,3
YDR251W,0,3
YDL197C,0,3
YIL143C,0,3
YLR438C-A,0,3
YOR187W,0,3
YNR031C,0,3
YDR273W,0,3
YGR245C,0,3
YOL113W,0,3
YJL095W,0,3
YGL092W,0,3
YJL129C,0,3
YIL068C,0,3
YFL035C,0,3
YNR060W,0,3
YPL227C,0,3
YER148W,0,3
YKL139W,0,3
YHR152W,0,3
YCR010C,0,3
YDR279W,0,3
YLR154C,0,3
YIL023C,0,3
YMR177W,0,3
YJR021C,0,3
YLR011W,0,3
YAR014C,0,3
YPR046W,0,3
YLR369W,0,3
YLR405W,0,3
YBL045C,0,3
YNL102W,0,3
YBR026C,0,3
YKR050W,0,3
YNL292W,0,3
YNL294C,0,3
YIL026C,0,3
YHL025W,0,3
YPL257W-B,0,3
YML040W,0,3
YLR313C,0,3
YER159C,0,3
YOL123W,0,3
YMR052W,0,3
YPR107C,0,3
YML019W,0,3
YDR072C,0,3
YOR025W,0,3
YKR085C,0,3
YDR039C,0,3
YOR338W,0,3
YML058W-A,0,3
YJL041W,0,3
YDR170W-A,0,3
YBL005W,0,3
YIL042C,0,3
YJR121W,0,3
YMR048W,0,3
YOR145C,0,3
YIL135C,0,3
YML038C,0,3
YDL055C,0,3
YNR054C,0,3
YML065W,0,3
YKL079W,0,3
YIL016W,0,3
YDR231C,0,3
YNL161W,0,3
YBR012W-B,0,3
YEL069C,0,3
YBR055C,0,3
YLR360W,0,3
YPL021W,0,3
YJL128C,0,3
YDR011W,0,3
YER165W,0,3
YBL102W,0,3
YCR057C,0,3
YPL050C,0,3
YJL048C,0,3
YBR059C,0,3
YLR055C,0,3
YBR068C,0,3
YCR088W,0,3
YJL196C,0,3
YJL106W,0,3
YOR355W,0,3
YGR078C,0,3
YJR019C,0,3
YJL115W,0,3
YER106W,0,3
YMR149W,0,3
YBR159W,0,3
YHL047C,0,3
YKL080W,0,3
YOR081C,0,3
YBR274W,0,3
YFL050C,0,3
YPL031C,0,3
YNL130C,0,3
YBR192W,0,3
YPR154W,0,3
YOR243C,0,3
YDR312W,0,3
YKR081C,0,3
YLR274W,0,3
YOL080C,0,3
YKL160W,0,3
YJR064W,0,3
YLL034C,0,3
YGL066W,0,3
YGL191W,0,3
YBL058W,0,3
YOR226C,0,3
YDR005C,0,3
YJL109C,0,3
YOR099W,0,3
YIL084C,0,3
YGR214W,0,3
YBR216C,0,3
YGL111W,0,3
YDR171W,0,3
YBR102C,0,3
YPL091W,0,3
YIL008W,0,3
YDR318W,0,3
YHL027W,0,3
YMR232W,0,3
YHR194W,0,3
YDR054C,0,3
YNL182C,0,3
YDR298C,0,3
YPR033C,0,3
YGL254W,0,3
YNL167C,0,3
YOR237W,0,3
YBR233W-A,0,3
YDR422C,0,3
YNL197C,0,3
YOL002C,0,3
YDR358W,0,3
YBR109C,0,3
YGR195W,0,3
YBR002C,0,3
YDL020C,0,3
YOR034C,0,3
YKR048C,0,3
YCL055W,0,3
YPL269W,0,3
YPR083W,0,3
YHR039C-B,0,3
YBR110W,0,3
YLR141W,0,3
YIL118W,0,3
YKL041W,0,3
YOR014W,0,3
YJL065C,0,3
YHR030C,0,3
YFL021W,0,3
YPR137C-A,0,3
YKR056W,0,3
YDR235W,0,3
YJL139C,0,3
YPL181W,0,3
YDR268W,0,3
YOR078W,0,3
YPR134W,0,3
YDR057W,0,3
YJL074C,0,3
YGR268C,0,3
YJR028W,0,3
YGR024C,0,3
YCR018C,0,3
YOR320C,0,3
YNL153C,0,3
YER053C,0,3
YCL020W,0,3
YLR417W,0,3
YKL166C,0,3
YGL155W,0,3
YDL019C,0,3
YOR330C,0,3
YOL095C,0,3
YPL240C,0,3
YBR272C,0,3
YLR157C-A,0,3
YJR044C,0,3
YPL244C,0,3
YLR165C,0,3
YLR361C,0,3
YJR135C,0,3
YLR032W,0,3
YOR210W,0,3
YLR372W,0,3
YNL030W,0,3
YHR061C,0,3
YCR092C,0,3
YDR087C,0,3
YJL069C,0,3
YNL166C,0,3
YNL008C,0,3
YLR069C,0,3
YDL004W,0,3
YOR028C,0,3
YEL054C,0,3
YLR398C,0,3
YHR107C,0,3
YER149C,0,3
YGL181W,0,3
YDR037W,0,3
YML023C,0,3
YML061C,0,3
YOR266W,0,3
YDR058C,0,3
YNL272C,0,3
YJR144W,0,3
YOR233W,0,3
YDR002W,0,3
YDR508C,0,3
YMR268C,0,3
YOR343C-A,0,3
YDL153C,0,3
YNL323W,0,3
YPR075C,0,3
YGR179C,0,3
YEL032W,0,3
YGL096W,0,3
YMR243C,0,3
YMR238W,0,3
YGL032C,0,3
YHR016C,0,3
YLR368W,0,3
YHR175W,0,3
YKL175W,0,3
YBL105C,0,3
YHR200W,0,3
YGL049C,0,3
YEL056W,0,3
YDR545W,0,3
YOL115W,0,3
YBR089C-A,0,3
YDR175C,0,3
YBL082C,0,3
YNL088W,0,3
YLR210W,0,3
YJR060W,0,3
YGR128C,0,3
YML126C,0,3
YPR070W,0,3
YIL132C,0,3
YLR429W,0,3
YCL074W,0,3
YDL014W,0,3
YKR083C,0,3
YGR167W,0,3
YLR337W,0,3
YLR113W,0,3
YJR103W,0,3
YDL080C,0,3
YBL088C,0,3
YOL064C,0,3
YGR186W,0,3
YPL129W,0,3
YOL017W,0,3
YER155C,0,3
YGR264C,0,3
YDL101C,0,3
YJL002C,0,3
YKL020C,0,3
YBL055C,0,3
YPL022W,0,3
YHR006W,0,3
YLR418C,0,3
YPR165W,0,3
YDR361C,0,3
YER035W,0,3
YNL245C,0,3
YBR289W,0,3
YKL141W,0,3
YIL017W,0,3
YDL175C,0,3
YPL126W,0,3
YPL049C,0,3
YDR211W,0,3
YLR263W,0,3
YHR077C,0,3
YFL034C-B,0,3
YDL209C,0,3
YLR183C,0,3
YPL159C,0,3
YPL086C,0,3
YIL061C,0,3
YOR048C,0,3
YBR294W,0,3
YEL037C,0,3
YHR001W,0,3
YGL227W,0,3
YBR042C,0,3
YFL014W,0,3
YPR101W,0,3
YFR052W,0,3
YBR081C,0,3
YDR098C,0,3
YMR022W,0,3
YHR069C,0,3
YPL192C,0,3
YJR043C,0,3
YJL006C,0,3
YGL190C,0,3
YOR310C,0,3
YNL072W,0,3
YIL125W,0,3
YDR377W,0,3
YMR044W,0,3
YLR016C,0,3
YFL026W,0,3
YOR239W,0,3
YJL030W,0,3
YKR086W,0,3
YAL053W,0,3
YOR054C,0,3
YOL040C,0,3
YOR361C,0,3
YDL198C,0,3
YBR205W,0,3
YDL160C,0,3
YGR121C,0,3
YNL219C,0,3
YLR117C,0,3
YKL120W,0,3
YOR281C,0,3
YLL004W,0,3
YPR178W,0,3
YGL065C,0,3
YGL043W,0,3
YKL144C,0,3
YHR166C,0,3
YOR168W,0,3
YMR312W,0,3
YNL164C,0,3
YDR365W-A,0,3
YAL068C,0,3
YML114C,0,3
YER173W,0,3
YOR316C,0,3
YJR125C,0,3
YBR207W,0,3
YLR410W,0,3
YFR014C,0,3
YHR116W,0,3
YHR165C,0,3
YOR194C,0,3
YMR109W,0,3
YDR439W,0,3
YJL004C,0,3
YMR214W,0,3
YML085C,0,3
YOR211C,0,3
YGL003C,0,3
YKL013C,0,3
YJL042W,0,3
YGL130W,0,3
YBL063W,0,3
YNL188W,0,3
YJL141C,0,3
YJL214W,0,3
YBL023C,0,3
YBR199W,0,3
YKR037C,0,3
YGL245W,0,3
YJR091C,0,3
YLR043C,0,3
YHR031C,0,3
YCR073C,0,3
YLR175W,0,3
YDR030C,0,3
YPR082C,0,3
YAL013W,0,3
YBR069C,0,3
YPR137C-B,0,3
YHR197W,0,3
YJR046W,0,3
YKL086W,0,3
YER019W,0,3
YKL150W,0,3
YPL271W,0,3
YHR099W,0,3
YPR113W,0,3
YFR028C,0,3
YDR038C,0,3
YNL147W,0,3
YMR059W,0,3
YDR393W,0,3
YNL106C,0,3
YOR373W,0,3
YDR481C,0,3
YLR276C,0,3
YNL012W,0,3
YLR197W,0,3
YKL134C,0,3
YMR199W,0,3
YEL042W,0,3
YBR202W,0,3
YNR038W,0,3
YIL150C,0,3
YEL026W,0,3
YOL033W,0,3
YBR020W,0,3
YML102W,0,3
YMR208W,0,3
YAL003W,0,3
YFL009W,0,3
YKL032C,0,3
YLR383W,0,3
YHR164C,0,3
YMR080C,0,3
YDL247W,0,3
YLR329W,0,3
YOR240W,0,3
YOR317W,0,3
YBR050C,0,3
YLR424W,0,3
YGR129W,0,3
YJR026W,0,3
YLL011W,0,3
YOR351C,0,3
YOR060C,0,3
YCL034W,0,3
YOR249C,0,3
YGR209C,0,3
YHL009W-B,0,3
YMR216C,0,3
YOR192C-B,0,3
YGR180C,0,3
YBR123C,0,3
YHR148W,0,3
YPL209C,0,3
YOL148C,0,3
YMR067C,0,3
YJR040W,0,3
YOR181W,0,3
YDR427W,0,3
YIL114C,0,3
YGR143W,0,3
YCR008W,0,3
YGL017W,0,3
YDL216C,0,3
YBR185C,0,3
YNR032W,0,3
YKL206C,0,3
YLR135W,0,3
YBR167C,0,3
YLR086W,0,3
YBR057C,0,3
YKL088W,0,3
YDR088C,0,3
YNL002C,0,3
YGR251W,0,3
YBR200W,0,3
YNR010W,0,3
YCR084C,0,3
YLR157C-B,0,3
YPL122C,0,3
YNL098C,0,3
YDR120C,0,3
YDL035C,0,3
YNL280C,0,3
YNL007C,0,3
YDL113C,0,3
YKR089C,0,3
YDL213C,0,3
YGL112C,0,3
YCR063W,0,3
YGR086C,0,3
YDR499W,0,3
YBR103W,0,3
YOR083W,0,3
YGR285C,0,3
YGR038C-A,0,3
YDR495C,0,3
YER042W,0,3
YML013W,0,3
YLR226W,0,3
YML078W,0,3
YLR228C,0,3
YOR230W,0,3
YJL013C,0,3
YDR252W,0,3
YNR001C,0,3
YAL017W,0,3
YDR501W,0,3
YCR089W,0,3
YEL012W,0,3
YCR020C,0,3
YIL159W,0,3
YGR227W,0,3
YPR187W,0,3
YMR135C,0,3
YIL066C,0,3
YPL048W,0,3
YOL068C,0,3
YOL020W,0,3
YAL030W,0,3
YNL054W-B,0,3
YPL119C,0,3
YCR014C,0,3
YOL049W,0,3
YJL062W,0,3
YPL262W,0,3
YIL049W,0,3
YMR285C,0,3
YBR155W,0,3
YDR363W-A,0,3
YKL220C,0,3
YDR200C,0,3
YGR054W,0,3
YDL097C,0,3
YMR299C,0,3
YGR095C,0,3
YHR154W,0,3
YER013W,0,3
YGL095C,0,3
YBR293W,0,3
YPL161C,0,3
YJR131W,0,3
YNL021W,0,3
YGL127C,0,3
YOR174W,0,3
YMR060C,0,3
YNR035C,0,3
YJL187C,0,3
YOL116W,0,3
YPR052C,0,3
YIL010W,0,3
YBR154C,0,3
YGL004C,0,3
YLR409C,0,3
YNL268W,0,3
YNL084C,0,3
YPR125W,0,3
YOR343C-B,0,3
YIL147C,0,3
YPL217C,0,3
YHR091C,0,3
YNL299W,0,3
YIL021W,0,3
YNL101W,0,3
YPL180W,0,3
YNL154C,0,3
YMR272C,0,3
YBR036C,0,3
YHR079C-B,0,3
YDL102W,0,3
YLR362W,0,3
YIL046W,0,3
