Gene A,Gene B,Label,Score,Precision,Recall,False Positive Rate
YJL094C,YIL139C,0,-0.061349504,0.0,0.0,0.0015151514671742916
YNR035C,YGL211W,0,-0.061349504,0.0,0.0,0.0030303029343485832
YOR144C,YLR305C,0,-0.061349504,0.0,0.0,0.004545454401522875
YBR112C,YCR067C,0,-0.061349504,0.0,0.0,0.0060606058686971664
YKL004W,YDR437W,0,-0.061349504,0.0,0.0,0.007575757801532745
YML132W,YDR369C,0,-0.061349504,0.0,0.0,0.00909090880304575
YIL149C,YPL167C,0,-0.061349504,0.0,0.0,0.010606060735881329
YPL204W,YNL206C,0,-0.061349504,0.0,0.0,0.012121211737394333
YER056C,YDL138W,0,-0.061349504,0.0,0.0,0.013636363670229912
YGL213C,YOL006C,0,-0.061349504,0.0,0.0,0.01515151560306549
YLR216C,YDR316W-B,0,-0.061349504,0.0,0.0,0.01666666753590107
YPL160W,YBR210W,0,-0.061349504,0.0,0.0,0.0181818176060915
YML062C,YNL290W,0,-0.061349504,0.0,0.0,0.019696969538927078
YPL170W,YBR162C,0,-0.061349504,0.0,0.0,0.021212121471762657
YPL031C,YDR167W,0,-0.061349504,0.0,0.0,0.022727273404598236
YOR144C,YIL119C,0,-0.061349504,0.0,0.0,0.024242423474788666
YBR245C,YDR023W,0,-0.061349504,0.0,0.0,0.025757575407624245
YMR011W,YLR337C,0,-0.061349504,0.0,0.0,0.027272727340459824
YKL182W,YER001W,0,-0.061349504,0.0,0.0,0.028787879273295403
YIR041W,YDL059C,0,-0.061349504,0.0,0.0,0.03030303120613098
YLR233C,YNL121C,0,-0.061349504,0.0,0.0,0.03181818127632141
YKR066C,YLR386W,0,-0.061349504,0.0,0.0,0.03333333507180214
YKL208W,YFL002C,0,-0.061349504,0.0,0.0,0.03484848514199257
YMR208W,YOR127W,0,-0.061349504,0.0,0.0,0.036363635212183
YDL099W,YDR322C-A,0,-0.061349504,0.0,0.0,0.03787878900766373
YOL080C,YKL014C,0,-0.061349504,0.0,0.0,0.039393939077854156
YMR068W,YKL009W,0,-0.061349504,0.0,0.0,0.040909089148044586
YBR210W,YLR227W-A,0,-0.061349504,0.0,0.0,0.042424242943525314
YKR036C,YAL023C,0,-0.061349504,0.0,0.0,0.043939393013715744
YNL061W,YML038C,0,-0.061349504,0.0,0.0,0.04545454680919647
YDL224C,YOL109W,0,-0.061349504,0.0,0.0,0.0469696968793869
YAL035W,YOR027W,0,-0.061349504,0.0,0.0,0.04848484694957733
YOR039W,YHR068W,0,-0.061349504,0.0,0.0,0.05000000074505806
YPL084W,YJR009C,0,-0.061349504,0.0,0.0,0.05151515081524849
YDR343C,YPL092W,0,-0.061349504,0.0,0.0,0.05303030461072922
YDL002C,YOR110W,0,-0.061349504,0.0,0.0,0.05454545468091965
YHR092C,YDL236W,0,-0.061349504,0.0,0.0,0.05606060475111008
YNL233W,YER151C,0,-0.061349504,0.0,0.0,0.057575758546590805
YBR155W,YIL138C,0,-0.061349504,0.0,0.0,0.059090908616781235
YGL017W,YOR287C,0,-0.061349504,0.0,0.0,0.06060606241226196
YGL236C,YER169W,0,-0.061349504,0.0,0.0,0.06212121248245239
YJL011C,YBR253W,0,-0.061349504,0.0,0.0,0.06363636255264282
YFR008W,YDR288W,0,-0.061349504,0.0,0.0,0.06515151262283325
YDL013W,YOL060C,0,-0.061349504,0.0,0.0,0.06666667014360428
YIL070C,YLR043C,0,-0.061349504,0.0,0.0,0.06818182021379471
YHR164C,YOL059W,0,-0.061349504,0.0,0.0,0.06969697028398514
YML086C,YAR002W,0,-0.061349504,0.0,0.0,0.07121212035417557
YHR139C,YNL079C,0,-0.061349504,0.0,0.0,0.072727270424366
YOL088C,YMR050C,0,-0.061349504,0.0,0.0,0.07424242794513702
YNL161W,YML088W,0,-0.061349504,0.0,0.0,0.07575757801532745
YDR270W,YDL116W,0,-0.061349504,0.0,0.0,0.07727272808551788
YOL089C,YDR316W-B,0,-0.061349504,0.0,0.0,0.07878787815570831
YPL177C,YLR410W-B,0,-0.061349504,0.0,0.0,0.08030302822589874
YDR446W,YDR156W,0,-0.061349504,0.0,0.0,0.08181817829608917
YNL148C,YDR281C,0,-0.061349504,0.0,0.0,0.0833333358168602
YDR030C,YHR099W,0,-0.061349504,0.0,0.0,0.08484848588705063
YKL208W,YKL021C,0,-0.061349504,0.0,0.0,0.08636363595724106
YBR201W,YBL025W,0,-0.061349504,0.0,0.0,0.08787878602743149
YDR014W-A,YER021W,0,-0.061349504,0.0,0.0,0.08939393609762192
YJR047C,YNL177C,0,-0.061349504,0.0,0.0,0.09090909361839294
YJR131W,YDL014W,0,-0.061349504,0.0,0.0,0.09242424368858337
YOR310C,YHR083W,0,-0.061349504,0.0,0.0,0.0939393937587738
YIR028W,YOL124C,0,-0.061349504,0.0,0.0,0.09545454382896423
YJR125C,YNL071W,0,-0.061349504,0.0,0.0,0.09696969389915466
YOR213C,YMR284W,0,-0.061349504,0.0,0.0,0.09848485141992569
YDR158W,YGL253W,0,-0.061349504,0.0,0.0,0.10000000149011612
YKL084W,YDR494W,0,-0.061349504,0.0,0.0,0.10151515156030655
YPL026C,YDR261W-A,0,-0.061349504,0.0,0.0,0.10303030163049698
YOR373W,YAR009C,0,-0.061349504,0.0,0.0,0.10454545170068741
YAL056W,YNR031C,0,-0.061349504,0.0,0.0,0.10606060922145844
YNL232W,YPL239W,0,-0.061349504,0.0,0.0,0.10757575929164886
YPL213W,YDR404C,0,-0.061349504,0.0,0.0,0.1090909093618393
YIL159W,YDL145C,0,-0.061349504,0.0,0.0,0.11060605943202972
YNR031C,YJR027W,0,-0.061349504,0.0,0.0,0.11212120950222015
YGR134W,YLR092W,0,-0.061349504,0.0,0.0,0.11363636702299118
YMR275C,YGR072W,0,-0.061349504,0.0,0.0,0.11515151709318161
YDL160C,YMR030W,0,-0.061349504,0.0,0.0,0.11666666716337204
YKL046C,YHL020C,0,-0.061349504,0.0,0.0,0.11818181723356247
YGL257C,YDL055C,0,-0.061349504,0.0,0.0,0.1196969673037529
YDR219C,YML015C,0,-0.061349504,0.0,0.0,0.12121212482452393
YDR308C,YDL064W,0,-0.061349504,0.0,0.0,0.12272727489471436
YDR175C,YDR079C-A,0,-0.061349504,0.0,0.0,0.12424242496490479
YHR039C,YLL004W,0,-0.061349504,0.0,0.0,0.12575757503509521
YLR071C,YOR049C,0,-0.061349504,0.0,0.0,0.12727272510528564
YKL135C,YNL287W,0,-0.061349504,0.0,0.0,0.12878787517547607
YBL088C,YGR251W,0,-0.061349504,0.0,0.0,0.1303030252456665
YBR035C,YDR129C,0,-0.061349504,0.0,0.0,0.13181817531585693
YBR043C,YER173W,0,-0.061349504,0.0,0.0,0.13333334028720856
YGL047W,YEL056W,0,-0.061349504,0.0,0.0,0.134848490357399
YDL059C,YCL008C,0,-0.061349504,0.0,0.0,0.13636364042758942
YCL001W,YDL118W,0,-0.061349504,0.0,0.0,0.13787879049777985
YDR085C,YMR150C,0,-0.061349504,0.0,0.0,0.13939394056797028
YBL084C,YBR008C,0,-0.061349504,0.0,0.0,0.1409090906381607
YGR007W,YBR069C,0,-0.061349504,0.0,0.0,0.14242424070835114
YMR030W,YDR145W,0,-0.061349504,0.0,0.0,0.14393939077854156
YDR096W,YNL126W,0,-0.061349504,0.0,0.0,0.145454540848732
YPL211W,YJR145C,0,-0.061349504,0.0,0.0,0.14696969091892242
YJL073W,YIR021W,0,-0.061349504,0.0,0.0,0.14848485589027405
YEL060C,YER151C,0,-0.061349504,0.0,0.0,0.15000000596046448
YML006C,YKL009W,0,-0.061349504,0.0,0.0,0.1515151560306549
YNL278W,YLR010C,0,-0.061349504,0.0,0.0,0.15303030610084534
YOL149W,YHR079C,0,-0.061349504,0.0,0.0,0.15454545617103577
YER042W,YBR106W,0,-0.061349504,0.0,0.0,0.1560606062412262
YMR312W,YLR081W,0,-0.061349504,0.0,0.0,0.15757575631141663
YMR220W,YML029W,0,-0.061349504,0.0,0.0,0.15909090638160706
YNL245C,YKR053C,0,-0.061349504,0.0,0.0,0.16060605645179749
YGR231C,YNL151C,0,-0.061349504,0.0,0.0,0.16212120652198792
YLR335W,YDL224C,0,-0.061349504,0.0,0.0,0.16363635659217834
YML073C,YLR183C,0,-0.061349504,0.0,0.0,0.16515152156352997
YGL206C,YGL249W,0,-0.061349504,0.0,0.0,0.1666666716337204
YER045C,YPL139C,0,-0.061349504,0.0,0.0,0.16818182170391083
YKL200C,YOR207C,0,-0.061349504,0.0,0.0,0.16969697177410126
YFL039C,YLL050C,0,-0.061349504,0.0,0.0,0.1712121218442917
YGL017W,YBR030W,0,-0.061349504,0.0,0.0,0.17272727191448212
YJL209W,YLR045C,0,-0.061349504,0.0,0.0,0.17424242198467255
YJL219W,YDR143C,0,-0.061349504,0.0,0.0,0.17575757205486298
YJL031C,YJL134W,0,-0.061349504,0.0,0.0,0.1772727221250534
YNL230C,YPR164W,0,-0.061349504,0.0,0.0,0.17878787219524384
YJL179W,YHR178W,0,-0.061349504,0.0,0.0,0.18030303716659546
YER168C,YML045W,0,-0.061349504,0.0,0.0,0.1818181872367859
YJR040W,YDR228C,0,-0.061349504,0.0,0.0,0.18333333730697632
YPL097W,YMR069W,0,-0.061349504,0.0,0.0,0.18484848737716675
YOR363C,YBR012W-A,0,-0.061349504,0.0,0.0,0.18636363744735718
YNR053C,YLR337W,0,-0.061349504,0.0,0.0,0.1878787875175476
YGL240W,YBR020W,0,-0.061349504,0.0,0.0,0.18939393758773804
YER109C,YNL244C,0,-0.061349504,0.0,0.0,0.19090908765792847
YFL016C,YCR052W,0,-0.061349504,0.0,0.0,0.1924242377281189
YMR058W,YMR305C,0,-0.061349504,0.0,0.0,0.19393938779830933
YGL181W,YDL095W,0,-0.061349504,0.0,0.0,0.19545455276966095
YDR284C,YDR160W,0,-0.061349504,0.0,0.0,0.19696970283985138
YCL001W,YMR005W,0,-0.061349504,0.0,0.0,0.1984848529100418
YBL023C,YLR181C,0,-0.061349504,0.0,0.0,0.20000000298023224
YDR281C,YLR357W,0,-0.061349504,0.0,0.0,0.20151515305042267
YHR150W,YLR249W,0,-0.061349504,0.0,0.0,0.2030303031206131
YJL006C,YDL118W,0,-0.061349504,0.0,0.0,0.20454545319080353
YFL039C,YGR183C,0,-0.061349504,0.0,0.0,0.20606060326099396
YKL165C,YDR181C,0,-0.061349504,0.0,0.0,0.2075757533311844
YIR010W,YEL015W,0,-0.061349504,0.0,0.0,0.20909090340137482
YMR240C,YML040W,0,-0.061349504,0.0,0.0,0.21060605347156525
YNL219C,YDR483W,0,-0.061349504,0.0,0.0,0.21212121844291687
YBR258C,YJL054W,0,-0.061349504,0.0,0.0,0.2136363685131073
YGL047W,YOR332W,0,-0.061349504,0.0,0.0,0.21515151858329773
YOR332W,YDR210W-D,0,-0.061349504,0.0,0.0,0.21666666865348816
YML073C,YOR287C,0,-0.061349504,0.0,0.0,0.2181818187236786
YER052C,YPL082C,0,-0.061349504,0.0,0.0,0.21969696879386902
YAL013W,YOR143C,0,-0.061349504,0.0,0.0,0.22121211886405945
YNL112W,YGR128C,0,-0.061349504,0.0,0.0,0.22272726893424988
YDR281C,YKR053C,0,-0.061349504,0.0,0.0,0.2242424190044403
YPL106C,YDR316W-A,0,-0.061349504,0.0,0.0,0.22575756907463074
YGL001C,YIL082W-A,0,-0.061349504,0.0,0.0,0.22727273404598236
YAL010C,YML088W,0,-0.061349504,0.0,0.0,0.2287878841161728
YKL185W,YNL288W,0,-0.061349504,0.0,0.0,0.23030303418636322
YBR260C,YML058W,0,-0.061349504,0.0,0.0,0.23181818425655365
YER068W,YOL055C,0,-0.061349504,0.0,0.0,0.23333333432674408
YBR196C,YBL103C,0,-0.061349504,0.0,0.0,0.2348484843969345
YNR060W,YDR023W,0,-0.061349504,0.0,0.0,0.23636363446712494
YER143W,YNL329C,0,-0.061349504,0.0,0.0,0.23787878453731537
YJL117W,YOR224C,0,-0.061349504,0.0,0.0,0.2393939346075058
YLL002W,YDL217C,0,-0.061349504,0.0,0.0,0.24090908467769623
YJL034W,YGR212W,0,-0.061349504,0.0,0.0,0.24242424964904785
YHR111W,YGL095C,0,-0.061349504,0.0,0.0,0.24393939971923828
YBL005W,YHR031C,0,-0.061349504,0.0,0.0,0.2454545497894287
YNL291C,YLR067C,0,-0.061349504,0.0,0.0,0.24696969985961914
YNR033W,YGR274C,0,-0.061349504,0.0,0.0,0.24848484992980957
YFR014C,YNR046W,0,-0.061349504,0.0,0.0,0.25
YGL087C,YDR201W,0,-0.061349504,0.0,0.0,0.25151515007019043
YDR145W,YML097C,0,-0.061349504,0.0,0.0,0.25303030014038086
YGL236C,YBR165W,0,-0.061349504,0.0,0.0,0.2545454502105713
YDL088C,YKL040C,0,-0.061349504,0.0,0.0,0.2560606002807617
YPL093W,YDL212W,0,-0.061349504,0.0,0.0,0.25757575035095215
YLR052W,YDR285W,0,-0.061349504,0.0,0.0,0.2590909004211426
YMR305C,YDR334W,0,-0.061349504,0.0,0.0,0.260606050491333
YNL202W,YDR058C,0,-0.061349504,0.0,0.0,0.26212120056152344
YBR182C,YMR293C,0,-0.061349504,0.0,0.0,0.26363635063171387
YKL028W,YOR356W,0,-0.061349504,0.0,0.0,0.2651515007019043
YDR158W,YHR079C,0,-0.061349504,0.0,0.0,0.2666666805744171
YIL070C,YDR285W,0,-0.061349504,0.0,0.0,0.26818183064460754
YLR144C,YNL333W,0,-0.061349504,0.0,0.0,0.269696980714798
YER159C,YGR005C,0,-0.061349504,0.0,0.0,0.2712121307849884
YJL208C,YBR258C,0,-0.061349504,0.0,0.0,0.27272728085517883
YDR294C,YMR219W,0,-0.061349504,0.0,0.0,0.27424243092536926
YKR009C,YOR340C,0,-0.061349504,0.0,0.0,0.2757575809955597
YDR093W,YIL021W,0,-0.061349504,0.0,0.0,0.2772727310657501
YPL001W,YMR305C,0,-0.061349504,0.0,0.0,0.27878788113594055
YIL076W,YDR177W,1,-0.061349504,0.0054054055362939835,0.01515151560306549,0.27878788113594055
YIL076W,YJL004C,1,-0.061349504,0.01075268816202879,0.03030303120613098,0.27878788113594055
YPL085W,YDR177W,1,-0.061349504,0.01604278013110161,0.04545454680919647,0.27878788113594055
YPL085W,YJL004C,1,-0.061349504,0.021276595070958138,0.06060606241226196,0.27878788113594055
YPL085W,YIL076W,1,-0.061349504,0.026455026119947433,0.07575757801532745,0.27878788113594055
YLR208W,YDR177W,1,-0.061349504,0.031578946858644485,0.09090909361839294,0.27878788113594055
YLR208W,YJL004C,1,-0.061349504,0.03664921596646309,0.10606060922145844,0.27878788113594055
YLR208W,YIL076W,1,-0.061349504,0.0416666679084301,0.12121212482452393,0.27878788113594055
YLR208W,YPL085W,1,-0.061349504,0.04663212597370148,0.13636364042758942,0.27878788113594055
YAR031W,YDR177W,1,-0.061349504,0.05154639109969139,0.1515151560306549,0.27878788113594055
YAR031W,YJL004C,1,-0.061349504,0.056410256773233414,0.1666666716337204,0.27878788113594055
YAR031W,YIL076W,1,-0.061349504,0.06122449040412903,0.1818181872367859,0.27878788113594055
YAR031W,YPL085W,1,-0.061349504,0.06598984450101852,0.19696970283985138,0.27878788113594055
YAR031W,YLR208W,1,-0.061349504,0.07070706784725189,0.21212121844291687,0.27878788113594055
YAR033W,YDR177W,1,-0.061349504,0.07537688314914703,0.22727273404598236,0.27878788113594055
YAR033W,YJL004C,1,-0.061349504,0.07999999821186066,0.24242424964904785,0.27878788113594055
YAR033W,YIL076W,1,-0.061349504,0.08457711338996887,0.25757575035095215,0.27878788113594055
YAR033W,YPL085W,1,-0.061349504,0.0891089141368866,0.27272728085517883,0.27878788113594055
YAR033W,YLR208W,1,-0.061349504,0.09359605610370636,0.28787878155708313,0.27878788113594055
YJL004C,YDR177W,1,-0.061349504,0.09803921729326248,0.3030303120613098,0.27878788113594055
YLR390W-A,YNL116W,0,-0.061349504,0.09756097197532654,0.3030303120613098,0.280303031206131
YDR205W,YGR172C,0,-0.061349504,0.09708737581968307,0.3030303120613098,0.2818181812763214
YPL026C,YBR012W-A,0,-0.061349504,0.09661835432052612,0.3030303120613098,0.28333333134651184
YKR083C,YDR289C,0,-0.061349504,0.09615384787321091,0.3030303120613098,0.28484848141670227
YGR041W,YJL063C,0,-0.061349504,0.09569378197193146,0.3030303120613098,0.2863636314868927
YNR035C,YDR054C,0,-0.061349504,0.095238097012043,0.3030303120613098,0.28787878155708313
YDL031W,YDR418W,0,-0.061349504,0.09478673338890076,0.3030303120613098,0.28939393162727356
YPR046W,YPR055W,0,-0.061349504,0.09433962404727936,0.3030303120613098,0.290909081697464
YMR188C,YER031C,0,-0.061349504,0.09389671683311462,0.3030303120613098,0.2924242317676544
YMR263W,YPL065W,0,-0.061349504,0.09345794469118118,0.3030303120613098,0.29393938183784485
YHR024C,YBR095C,0,-0.061349504,0.09302325546741486,0.3030303120613098,0.2954545319080353
YOR038C,YGL098W,0,-0.061349504,0.09259258955717087,0.3030303120613098,0.2969697117805481
YGL240W,YPL033C,0,-0.061349504,0.09216590225696564,0.3030303120613098,0.2984848618507385
YML073C,YER151C,0,-0.061349504,0.0917431190609932,0.3030303120613098,0.30000001192092896
YOL066C,YBR231C,0,-0.061349504,0.09132420271635056,0.3030303120613098,0.3015151619911194
YDR446W,YHR008C,0,-0.061349504,0.09090909361839294,0.3030303120613098,0.3030303120613098
YFR053C,YDR261W-A,0,-0.061349504,0.09049773961305618,0.3030303120613098,0.30454546213150024
YMR011W,YHR016C,0,-0.061349504,0.09009008854627609,0.3030303120613098,0.3060606122016907
YNL329C,YBL033C,0,-0.061349504,0.08968609571456909,0.3030303120613098,0.3075757622718811
YIL051C,YLR320W,0,-0.061349504,0.0892857164144516,0.3030303120613098,0.30909091234207153
YHR015W,YJR045C,0,-0.061349504,0.08888889104127884,0.3030303120613098,0.31060606241226196
YJL209W,YJL116C,0,-0.061349504,0.08849557489156723,0.3030303120613098,0.3121212124824524
YAR033W,YAR031W,1,-0.061349504,0.09251101315021515,0.3181818127632141,0.3121212124824524
YGL051W,YDR177W,1,-0.061349504,0.09649122506380081,0.3333333432674408,0.3121212124824524
YGL051W,YJL004C,1,-0.061349504,0.10043668001890182,0.3484848439693451,0.3121212124824524
YGL051W,YIL076W,1,-0.061349504,0.104347825050354,0.3636363744735718,0.3121212124824524
YFL025C,YJL004C,1,-0.061349504,0.10822510719299316,0.3787878751754761,0.3121212124824524
YFL025C,YIL076W,1,-0.061349504,0.11206896603107452,0.39393940567970276,0.3121212124824524
YFL025C,YPL085W,1,-0.061349504,0.11587982624769211,0.40909090638160706,0.3121212124824524
YFL025C,YLR208W,1,-0.061349504,0.11965811997652054,0.42424243688583374,0.3121212124824524
YFL025C,YAR031W,1,-0.061349504,0.12340425699949265,0.43939393758773804,0.3121212124824524
YFL025C,YAR033W,1,-0.061349504,0.12711864709854126,0.4545454680919647,0.3121212124824524
YFL025C,YGL051W,1,-0.061349504,0.13080169260501862,0.469696968793869,0.3121212124824524
YFL025C,YER122C,1,-0.061349504,0.13445378839969635,0.4848484992980957,0.3121212124824524
YFL025C,YGL200C,1,-0.061349504,0.1380753070116043,0.5,0.3121212124824524
YGL180W,YDR177W,1,-0.061349504,0.14166666567325592,0.5151515007019043,0.3121212124824524
YGL180W,YJL004C,1,-0.061349504,0.14522822201251984,0.5303030014038086,0.3121212124824524
YGL180W,YIL076W,1,-0.061349504,0.1487603336572647,0.5454545617103577,0.3121212124824524
YGL180W,YPL085W,1,-0.061349504,0.15226337313652039,0.560606062412262,0.3121212124824524
YGL180W,YLR208W,1,-0.061349504,0.15573769807815552,0.5757575631141663,0.3121212124824524
YGL180W,YAR031W,1,-0.061349504,0.15918366611003876,0.5909090638160706,0.3121212124824524
YGL180W,YAR033W,1,-0.061349504,0.16260161995887756,0.6060606241226196,0.3121212124824524
YGL180W,YGL051W,1,-0.061349504,0.1659919023513794,0.6212121248245239,0.3121212124824524
YGL180W,YER122C,1,-0.061349504,0.16935484111309052,0.6363636255264282,0.3121212124824524
YGL180W,YGL200C,1,-0.061349504,0.1726907640695572,0.6515151262283325,0.3121212124824524
YFL025C,YDR177W,1,-0.061349504,0.17599999904632568,0.6666666865348816,0.3121212124824524
YGL200C,YER122C,1,-0.061349504,0.17928287386894226,0.6818181872367859,0.3121212124824524
YGL200C,YGL051W,1,-0.061349504,0.1825396865606308,0.6969696879386902,0.3121212124824524
YER122C,YLR208W,1,-0.061349504,0.18577075004577637,0.7121211886405945,0.3121212124824524
YGL051W,YPL085W,1,-0.061349504,0.18897637724876404,0.7272727489471436,0.3121212124824524
YGL051W,YLR208W,1,-0.061349504,0.1921568661928177,0.7424242496490479,0.3121212124824524
YGL051W,YAR031W,1,-0.061349504,0.1953125,0.7575757503509521,0.3121212124824524
YGL051W,YAR033W,1,-0.061349504,0.19844357669353485,0.7727272510528564,0.3121212124824524
YER122C,YDR177W,1,-0.061349504,0.20155039429664612,0.7878788113594055,0.3121212124824524
YER122C,YJL004C,1,-0.061349504,0.2046332061290741,0.8030303120613098,0.3121212124824524
YER122C,YIL076W,1,-0.061349504,0.20769231021404266,0.8181818127632141,0.3121212124824524
YER122C,YPL085W,1,-0.061349504,0.2107279747724533,0.8333333134651184,0.3121212124824524
YER122C,YAR031W,1,-0.061349504,0.21374045312404633,0.8484848737716675,0.3121212124824524
YGL200C,YAR033W,1,-0.061349504,0.2167300432920456,0.8636363744735718,0.3121212124824524
YER122C,YAR033W,1,-0.061349504,0.21969696879386902,0.8787878751754761,0.3121212124824524
YER122C,YGL051W,1,-0.061349504,0.22264151275157928,0.8939393758773804,0.3121212124824524
YGL200C,YDR177W,1,-0.061349504,0.2255639135837555,0.9090909361839294,0.3121212124824524
YGL200C,YJL004C,1,-0.061349504,0.22846442461013794,0.9242424368858337,0.3121212124824524
YGL200C,YIL076W,1,-0.061349504,0.23134328424930573,0.939393937587738,0.3121212124824524
YGL200C,YPL085W,1,-0.061349504,0.23420074582099915,0.9545454382896423,0.3121212124824524
YGL200C,YLR208W,1,-0.061349504,0.2370370328426361,0.9696969985961914,0.3121212124824524
YGL200C,YAR031W,1,-0.061349504,0.2398523986339569,0.9848484992980957,0.3121212124824524
YKL212W,YPL092W,0,-0.061349504,0.2389705926179886,0.9848484992980957,0.3136363625526428
YBR023C,YER117W,0,-0.061349504,0.2380952388048172,0.9848484992980957,0.31515151262283325
YOR335C,YGL061C,0,-0.061349504,0.23722627758979797,0.9848484992980957,0.3166666626930237
YPR122W,YFL060C,0,-0.061349504,0.23636363446712494,0.9848484992980957,0.3181818127632141
YGR060W,YLR222C,0,-0.061349504,0.23550724983215332,0.9848484992980957,0.31969696283340454
YNL199C,YOL060C,0,-0.061349504,0.23465703427791595,0.9848484992980957,0.32121211290359497
YIL013C,YBR256C,0,-0.061349504,0.23381294310092926,0.9848484992980957,0.3227272629737854
YNL148C,YNL297C,0,-0.061349504,0.23297491669654846,0.9848484992980957,0.32424241304397583
YLR025W,YOR008C-A,0,-0.061349504,0.2321428507566452,0.9848484992980957,0.32575756311416626
YLR048W,YJL059W,0,-0.061349504,0.2313167303800583,0.9848484992980957,0.3272727131843567
YDR377W,YAR002W,0,-0.061349504,0.23049645125865936,0.9848484992980957,0.3287878930568695
YPR025C,YDR527W,0,-0.061349504,0.22968198359012604,0.9848484992980957,0.33030304312705994
YGR086C,YDR059C,0,-0.061349504,0.22887323796749115,0.9848484992980957,0.33181819319725037
YDR162C,YGR042W,0,-0.061349504,0.22807016968727112,0.9848484992980957,0.3333333432674408
YOR361C,YJL072C,0,-0.061349504,0.22727273404598236,0.9848484992980957,0.3348484933376312
YPL266W,YMR163C,0,-0.061349504,0.22648084163665771,0.9848484992980957,0.33636364340782166
YCR092C,YOR328W,0,-0.061349504,0.2256944477558136,0.9848484992980957,0.3378787934780121
YPL262W,YKL134C,0,-0.061349504,0.22491349279880524,0.9848484992980957,0.3393939435482025
YER114C,YDR507C,0,-0.061349504,0.22413793206214905,0.9848484992980957,0.34090909361839294
YBR084W,YPL045W,0,-0.061349504,0.22336769104003906,0.9848484992980957,0.3424242436885834
YBR055C,YOR057W,0,-0.061349504,0.2226027399301529,0.9848484992980957,0.3439393937587738
YNL262W,YKL144C,0,-0.061349504,0.22184300422668457,0.9848484992980957,0.34545454382896423
YGL095C,YML007W,0,-0.061349504,0.2210884392261505,0.9848484992980957,0.34696969389915466
YMR080C,YGR042W,0,-0.061349504,0.22033898532390594,0.9848484992980957,0.3484848439693451
YFL021W,YKL026C,0,-0.061349504,0.21959459781646729,0.9848484992980957,0.3499999940395355
YJR112W,YKL214C,0,-0.061349504,0.21885521709918976,0.9848484992980957,0.35151514410972595
YMR049C,YHR012W,0,-0.061349504,0.21812079846858978,0.9848484992980957,0.3530302941799164
YBR004C,YML016C,0,-0.061349504,0.21739129722118378,0.9848484992980957,0.3545454442501068
YCR048W,YDR147W,0,-0.061349504,0.21666666865348816,0.9848484992980957,0.35606059432029724
YIL153W,YIL123W,0,-0.061349504,0.21594683825969696,0.9848484992980957,0.35757574439048767
YPL275W,YIL037C,0,-0.061349504,0.215231791138649,0.9848484992980957,0.3590908944606781
YBR008C,YOL102C,0,-0.061349504,0.21452145278453827,0.9848484992980957,0.3606060743331909
YJR135C,YGR091W,0,-0.061349504,0.21381579339504242,0.9848484992980957,0.36212122440338135
YMR213W,YMR022W,0,-0.061349504,0.21311475336551666,0.9848484992980957,0.3636363744735718
YLR423C,YHR023W,0,-0.061349504,0.2124183028936386,0.9848484992980957,0.3651515245437622
YBR090C-A,YJL001W,0,-0.061349504,0.2117263823747635,0.9848484992980957,0.36666667461395264
YMR290C,YLR305C,0,-0.061349504,0.2110389620065689,0.9848484992980957,0.36818182468414307
YER044C,YML039W,0,-0.061349504,0.2103559821844101,0.9848484992980957,0.3696969747543335
YGL065C,YOR084W,0,-0.061349504,0.20967741310596466,0.9848484992980957,0.3712121248245239
YDR016C,YMR143W,0,-0.061349504,0.20900321006774902,0.9848484992980957,0.37272727489471436
YLR157C,YDL226C,0,-0.061349504,0.2083333283662796,0.9848484992980957,0.3742424249649048
YOL101C,YPR100W,0,-0.061349504,0.207667738199234,0.9848484992980957,0.3757575750350952
YPL043W,YKL025C,0,-0.061349504,0.20700636506080627,0.9848484992980957,0.37727272510528564
YGL071W,YDR194C,0,-0.061349504,0.2063492089509964,0.9848484992980957,0.3787878751754761
YMR133W,YLR150W,0,-0.061349504,0.2056961953639984,0.9848484992980957,0.3803030252456665
YNL271C,YHL012W,0,-0.061349504,0.20504732429981232,0.9848484992980957,0.38181817531585693
YAL068C,YCR014C,0,-0.061349504,0.20440252125263214,0.9848484992980957,0.38333332538604736
YGL240W,YFL013C,0,-0.061349504,0.2037617564201355,0.9848484992980957,0.3848484754562378
YDR079C-A,YLR181C,0,-0.061349504,0.203125,0.9848484992980957,0.3863636255264282
YNR032C-A,YJR068W,0,-0.061349504,0.20249220728874207,0.9848484992980957,0.38787877559661865
YNR033W,YPL083C,0,-0.061349504,0.2018633484840393,0.9848484992980957,0.3893939256668091
YIL065C,YPL012W,0,-0.061349504,0.20123839378356934,0.9848484992980957,0.3909091055393219
YNL293W,YJR043C,0,-0.061349504,0.20061728358268738,0.9848484992980957,0.39242425560951233
YDR175C,YDR472W,0,-0.061349504,0.20000000298023224,0.9848484992980957,0.39393940567970276
YNL094W,YCR065W,0,-0.061349504,0.19938650727272034,0.9848484992980957,0.3954545557498932
YMR234W,YPR065W,0,-0.061349504,0.1987767517566681,0.9848484992980957,0.3969697058200836
YLR155C,YGR220C,0,-0.061349504,0.1981707364320755,0.9848484992980957,0.39848485589027405
YER143W,YGL136C,0,-0.061349504,0.1975683867931366,0.9848484992980957,0.4000000059604645
YKR019C,YMR061W,0,-0.061349504,0.19696970283985138,0.9848484992980957,0.4015151560306549
YPL002C,YEL041W,0,-0.061349504,0.19637462496757507,0.9848484992980957,0.40303030610084534
YJL100W,YPR103W,0,-0.061349504,0.19578313827514648,0.9848484992980957,0.40454545617103577
YIR028W,YDR460W,0,-0.061349504,0.19519519805908203,0.9848484992980957,0.4060606062412262
YGL014W,YLR035C-A,0,-0.061349504,0.19461077451705933,0.9848484992980957,0.4075757563114166
YDL028C,YKL099C,0,-0.061349504,0.19402985274791718,0.9848484992980957,0.40909090638160706
YKL068W,YKL080W,0,-0.061349504,0.193452388048172,0.9848484992980957,0.4106060564517975
YOL033W,YER031C,0,-0.061349504,0.1928783357143402,0.9848484992980957,0.4121212065219879
YHR023W,YGL058W,0,-0.061349504,0.19230769574642181,0.9848484992980957,0.41363635659217834
YPL018W,YEL065W,0,-0.061349504,0.19174040853977203,0.9848484992980957,0.4151515066623688
YHR043C,YGR276C,0,-0.061349504,0.19117647409439087,0.9848484992980957,0.4166666567325592
YMR035W,YBR049C,0,-0.061349504,0.19061583280563354,0.9848484992980957,0.41818180680274963
YER016W,YLR078C,0,-0.061349504,0.19005848467350006,0.9848484992980957,0.41969695687294006
YNL116W,YJL222W,0,-0.061349504,0.18950437009334564,0.9848484992980957,0.4212121069431305
YKR007W,YER024W,0,-0.061349504,0.1889534890651703,0.9848484992980957,0.4227272868156433
YDL134C,YPR191W,0,-0.061349504,0.18840579688549042,0.9848484992980957,0.42424243688583374
YMR036C,YEL012W,0,-0.061349504,0.18786127865314484,0.9848484992980957,0.42575758695602417
YPL248C,YMR026C,0,-0.061349504,0.18731988966464996,0.9848484992980957,0.4272727370262146
YNL051W,YDR175C,0,-0.061349504,0.1867816150188446,0.9848484992980957,0.42878788709640503
YNR019W,YDR055W,0,-0.061349504,0.18624642491340637,0.9848484992980957,0.43030303716659546
YGL071W,YJL056C,0,-0.061349504,0.18571428954601288,0.9848484992980957,0.4318181872367859
YOR319W,YER146W,0,-0.061349504,0.18518517911434174,0.9848484992980957,0.4333333373069763
YNR027W,YHR191C,0,-0.061349504,0.18465909361839294,0.9848484992980957,0.43484848737716675
YMR190C,YGR122W,0,-0.061349504,0.18413597345352173,0.9848484992980957,0.4363636374473572
YBR020W,YBL061C,0,-0.061349504,0.1836158186197281,0.9848484992980957,0.4378787875175476
YJR127C,YPR137C-B,0,-0.061349504,0.18309858441352844,0.9848484992980957,0.43939393758773804
YOL063C,YGL045W,0,-0.061349504,0.1825842708349228,0.9848484992980957,0.44090908765792847
YCR071C,YLL061W,0,-0.061349504,0.18207283318042755,0.9848484992980957,0.4424242377281189
YBR274W,YOL091W,0,-0.061349504,0.18156424164772034,0.9848484992980957,0.4439393877983093
YDR101C,YLR371W,0,-0.061349504,0.18105849623680115,0.9848484992980957,0.44545453786849976
YER178W,YGR141W,0,-0.061349504,0.1805555522441864,0.9848484992980957,0.4469696879386902
YPR185W,YOR316C,0,-0.061349504,0.1800553947687149,0.9848484992980957,0.4484848380088806
YEL018W,YBL008W,0,-0.061349504,0.17955800890922546,0.9848484992980957,0.44999998807907104
YPR191W,YMR030W,0,-0.061349504,0.1790633648633957,0.9848484992980957,0.4515151381492615
YCR038C,YNL103W,0,-0.061349504,0.1785714328289032,0.9848484992980957,0.4530302882194519
YPR023C,YNL328C,0,-0.061349504,0.1780821979045868,0.9848484992980957,0.4545454680919647
YAL031C,YDR227W,0,-0.061349504,0.17759563028812408,0.9848484992980957,0.45606061816215515
YPL267W,YPL021W,0,-0.061349504,0.17711171507835388,0.9848484992980957,0.4575757682323456
YOL003C,YNL221C,0,-0.061349504,0.176630437374115,0.9848484992980957,0.459090918302536
YLR047C,YDL059C,0,-0.061349504,0.17615176737308502,0.9848484992980957,0.46060606837272644
YKR097W,YML040W,0,-0.061349504,0.1756756752729416,0.9848484992980957,0.46212121844291687
YDR439W,YGL243W,0,-0.061349504,0.1752021610736847,0.9848484992980957,0.4636363685131073
YNL110C,YGL208W,0,-0.061349504,0.17473118007183075,0.9848484992980957,0.46515151858329773
YKL149C,YNL202W,0,-0.061349504,0.17426273226737976,0.9848484992980957,0.46666666865348816
YER142C,YOL103W-B,0,-0.061349504,0.17379678785800934,0.9848484992980957,0.4681818187236786
YMR143W,YER138C,0,-0.061349504,0.1733333319425583,0.9848484992980957,0.469696968793869
YHR116W,YDR021W,0,-0.061349504,0.17287233471870422,0.9848484992980957,0.47121211886405945
YOL101C,YIL147C,0,-0.061349504,0.17241379618644714,0.9848484992980957,0.4727272689342499
YBR213W,YGL144C,0,-0.061349504,0.17195767164230347,0.9848484992980957,0.4742424190044403
YPL147W,YDR023W,0,-0.061349504,0.1715039610862732,0.9848484992980957,0.47575756907463074
YLR220W,YBR161W,0,-0.061349504,0.17105263471603394,0.9848484992980957,0.47727271914482117
YBL006C,YHR039C,0,-0.061349504,0.1706036776304245,0.9848484992980957,0.4787878692150116
YJL099W,YGR104C,0,-0.061349504,0.1701570749282837,0.9848484992980957,0.480303019285202
YKL022C,YJL034W,0,-0.061349504,0.16971279680728912,0.9848484992980957,0.48181816935539246
YPL244C,YER028C,0,-0.061349504,0.1692708283662796,0.9848484992980957,0.4833333194255829
YGR244C,YML034W,0,-0.061349504,0.16883116960525513,0.9848484992980957,0.4848484992980957
YOR208W,YCR018C,0,-0.061349504,0.16839377582073212,0.9848484992980957,0.48636364936828613
YLR033W,YBR095C,0,-0.061349504,0.16795866191387177,0.9848484992980957,0.48787879943847656
YDR492W,YDL105W,0,-0.061349504,0.1675257682800293,0.9848484992980957,0.489393949508667
YGL014W,YMR125W,0,-0.061349504,0.1670951098203659,0.9848484992980957,0.4909090995788574
YDL045C,YHR070W,0,-0.061349504,0.1666666716337204,0.9848484992980957,0.49242424964904785
YER116C,YPL011C,0,-0.061349504,0.1662404090166092,0.9848484992980957,0.4939393997192383
YHR079C,YBR142W,0,-0.061349504,0.1658163219690323,0.9848484992980957,0.4954545497894287
YBL084C,YHR053C,0,-0.061349504,0.1653943955898285,0.9848484992980957,0.49696969985961914
YLR116W,YJL166W,0,-0.061349504,0.1649746149778366,0.9848484992980957,0.49848484992980957
YLR186W,YER103W,0,-0.061349504,0.16455696523189545,0.9848484992980957,0.5
YGL005C,YJL073W,0,-0.061349504,0.16414141654968262,0.9848484992980957,0.5015151500701904
YKR031C,YBR083W,0,-0.061349504,0.16372795403003693,0.9848484992980957,0.5030303001403809
YGR261C,YLR310C,0,-0.061349504,0.16331657767295837,0.9848484992980957,0.5045454502105713
YMR308C,YLL002W,0,-0.061349504,0.16290727257728577,0.9848484992980957,0.5060606002807617
YKR027W,YLR067C,0,-0.061349504,0.16249999403953552,0.9848484992980957,0.5075757503509521
YDL031W,YOR224C,0,-0.061349504,0.16209475696086884,0.9848484992980957,0.5090909004211426
YBR177C,YDR503C,0,-0.061349504,0.1616915464401245,0.9848484992980957,0.510606050491333
YHR014W,YLR337C,0,-0.061349504,0.16129031777381897,0.9848484992980957,0.5121212005615234
YHR092C,YLR371W,0,-0.061349504,0.1608910858631134,0.9848484992980957,0.5136363506317139
YBR015C,YJL173C,0,-0.061349504,0.16049382090568542,0.9848484992980957,0.5151515007019043
YKL138C-A,YIL023C,0,-0.061349504,0.16009852290153503,0.9848484992980957,0.5166666507720947
YGL190C,YOR279C,0,-0.061349504,0.15970516204833984,0.9848484992980957,0.5181818008422852
YLL021W,YDR285W,0,-0.061349504,0.15931372344493866,0.9848484992980957,0.5196969509124756
YDR437W,YJL108C,0,-0.061349504,0.15892420709133148,0.9848484992980957,0.521212100982666
YPL031C,YHL028W,0,-0.061349504,0.15853658318519592,0.9848484992980957,0.5227272510528564
YPR190C,YOR088W,0,-0.061349504,0.15815085172653198,0.9848484992980957,0.5242424011230469
YBR201W,YBR152W,0,-0.061349504,0.15776698291301727,0.9848484992980957,0.5257575511932373
YPR183W,YJR050W,0,-0.061349504,0.157384991645813,0.9848484992980957,0.5272727012634277
YFL056C,YEL065W,0,-0.061349504,0.15700483322143555,0.9848484992980957,0.5287878513336182
YCR098C,YNL291C,0,-0.061349504,0.15662650763988495,0.9848484992980957,0.5303030014038086
YDR036C,YEL041W,0,-0.061349504,0.15625,0.9848484992980957,0.5318182110786438
YNR016C,YLR226W,0,-0.061349504,0.1558752954006195,0.9848484992980957,0.5333333611488342
YMR202W,YHL031C,0,-0.061349504,0.15550239384174347,0.9848484992980957,0.5348485112190247
YDR420W,YGL213C,0,-0.061349504,0.1551312655210495,0.9848484992980957,0.5363636612892151
YOR232W,YPL124W,0,-0.061349504,0.1547619104385376,0.9848484992980957,0.5378788113594055
YLR320W,YGL257C,0,-0.061349504,0.15439429879188538,0.9848484992980957,0.539393961429596
YPR128C,YLR284C,0,-0.061349504,0.15402843058109283,0.9848484992980957,0.5409091114997864
YOL017W,YLR459W,0,-0.061349504,0.15366430580615997,0.9848484992980957,0.5424242615699768
YIL079C,YGR057C,0,-0.061349504,0.1533018797636032,0.9848484992980957,0.5439394116401672
YCL027W,YBR004C,0,-0.061349504,0.15294118225574493,0.9848484992980957,0.5454545617103577
YLL060C,YJR033C,0,-0.061349504,0.15258215367794037,0.9848484992980957,0.5469697117805481
YLR431C,YDL101C,0,-0.061349504,0.1522248238325119,0.9848484992980957,0.5484848618507385
YJR057W,YEL009C,0,-0.061349504,0.15186916291713715,0.9848484992980957,0.550000011920929
YPL069C,YNL274C,0,-0.061349504,0.1515151560306549,0.9848484992980957,0.5515151619911194
YOR160W,YLR026C,0,-0.061349504,0.151162788271904,0.9848484992980957,0.5530303120613098
YKL017C,YDR317W,0,-0.061349504,0.1508120596408844,0.9848484992980957,0.5545454621315002
YNL064C,YLL056C,0,-0.061349504,0.15046297013759613,0.9848484992980957,0.5560606122016907
YLR193C,YGR038C-B,0,-0.061349504,0.1501154750585556,0.9848484992980957,0.5575757622718811
YCL044C,YOL147C,0,-0.061349504,0.149769589304924,0.9848484992980957,0.5590909123420715
YGL084C,YKL006C-A,0,-0.061349504,0.14942528307437897,0.9848484992980957,0.560606062412262
YDL175C,YLR452C,0,-0.061349504,0.14908257126808167,0.9848484992980957,0.5621212124824524
YBR110W,YNL334C,0,-0.061349504,0.14874142408370972,0.9848484992980957,0.5636363625526428
YHR176W,YER159C-A,0,-0.061349504,0.14840182662010193,0.9848484992980957,0.5651515126228333
YJL208C,YFR037C,0,-0.061349504,0.1480637788772583,0.9848484992980957,0.5666666626930237
YDL197C,YKR031C,0,-0.061349504,0.14772726595401764,0.9848484992980957,0.5681818127632141
YDR503C,YPR009W,0,-0.061349504,0.14739228785037994,0.9848484992980957,0.5696969628334045
YHR194W,YJL143W,0,-0.061349504,0.14705882966518402,0.9848484992980957,0.571212112903595
YMR080C,YNR031C,0,-0.061349504,0.14672686159610748,0.9848484992980957,0.5727272629737854
YPL242C,YLR181C,0,-0.061349504,0.14639639854431152,0.9848484992980957,0.5742424130439758
YNR030W,YMR119W,0,-0.061349504,0.14606741070747375,0.9848484992980957,0.5757575631141663
YPR021C,YPR055W,0,-0.061349504,0.14573991298675537,0.9848484992980957,0.5772727131843567
YDR294C,YKL032C,0,-0.061349504,0.14541387557983398,0.9848484992980957,0.5787878632545471
YER061C,YPR042C,0,-0.061349504,0.1450892835855484,0.9848484992980957,0.5803030133247375
YMR288W,YDR098C-A,0,-0.061349504,0.14476615190505981,0.9848484992980957,0.581818163394928
YLR451W,YDL148C,0,-0.061349504,0.14444445073604584,0.9848484992980957,0.5833333134651184
YLR022C,YGR099W,0,-0.061349504,0.14412416517734528,0.9848484992980957,0.5848484635353088
YLR081W,YJR049C,0,-0.061349504,0.14380531013011932,0.9848484992980957,0.5863636136054993
YKR036C,YCR028C,0,-0.061349504,0.1434878557920456,0.9848484992980957,0.5878787636756897
YML112W,YDR143C,0,-0.061349504,0.14317180216312408,0.9848484992980957,0.5893939137458801
YPR030W,YPR052C,0,-0.061349504,0.1428571492433548,0.9848484992980957,0.5909090638160706
YPR141C,YIL149C,0,-0.061349504,0.14254385232925415,0.9848484992980957,0.592424213886261
YMR036C,YDR279W,0,-0.061349504,0.14223194122314453,0.9848484992980957,0.5939394235610962
YDL020C,YDR115W,0,-0.061349504,0.14192140102386475,0.9848484992980957,0.5954545736312866
YGL014W,YPR189W,0,-0.061349504,0.1416122019290924,0.9848484992980957,0.596969723701477
YBL101W-A,YOR356W,0,-0.061349504,0.14130434393882751,0.9848484992980957,0.5984848737716675
YGR225W,YLR127C,0,-0.061349504,0.14099782705307007,0.9848484992980957,0.6000000238418579
YGR004W,YOR341W,0,-0.061349504,0.14069263637065887,0.9848484992980957,0.6015151739120483
YFR028C,YMR095C,0,-0.061349504,0.14038877189159393,0.9848484992980957,0.6030303239822388
YNL020C,YLR288C,0,-0.061349504,0.14008620381355286,0.9848484992980957,0.6045454740524292
YMR116C,YCR057C,0,-0.061349504,0.13978494703769684,0.9848484992980957,0.6060606241226196
YNR060W,YOR259C,0,-0.061349504,0.1394849717617035,0.9848484992980957,0.6075757741928101
YNL008C,YLL031C,0,-0.061349504,0.139186292886734,0.9848484992980957,0.6090909242630005
YDR265W,YGL127C,0,-0.061349504,0.1388888955116272,0.9848484992980957,0.6106060743331909
YBR061C,YKL080W,0,-0.061349504,0.13859274983406067,0.9848484992980957,0.6121212244033813
YER173W,YKL117W,0,-0.061349504,0.13829787075519562,0.9848484992980957,0.6136363744735718
YOR317W,YOR188W,0,-0.061349504,0.13800424337387085,0.9848484992980957,0.6151515245437622
YPL209C,YJL012C,0,-0.061349504,0.13771186769008636,0.9848484992980957,0.6166666746139526
YNL173C,YOR386W,0,-0.061349504,0.13742071390151978,0.9848484992980957,0.6181818246841431
YDR038C,YPR100W,0,-0.061349504,0.13713079690933228,0.9848484992980957,0.6196969747543335
YDR435C,YKR081C,0,-0.061349504,0.13684210181236267,0.9848484992980957,0.6212121248245239
YPR029C,YPR201W,0,-0.061349504,0.13655462861061096,0.9848484992980957,0.6227272748947144
YML036W,YGL195W,0,-0.061349504,0.13626834750175476,0.9848484992980957,0.6242424249649048
YGL194C,YIL114C,0,-0.061349504,0.13598325848579407,0.9848484992980957,0.6257575750350952
YOR037W,YGR119C,0,-0.061349504,0.13569937646389008,0.9848484992980957,0.6272727251052856
YDR214W,YBR152W,0,-0.061349504,0.1354166716337204,0.9848484992980957,0.6287878751754761
YAL068C,YDR098C-A,0,-0.061349504,0.13513512909412384,0.9848484992980957,0.6303030252456665
YJL157C,YNL294C,0,-0.061349504,0.1348547786474228,0.9848484992980957,0.6318181753158569
YDR099W,YJL207C,0,-0.061349504,0.13457557559013367,0.9848484992980957,0.6333333253860474
YBR247C,YIL021W,0,-0.061349504,0.13429751992225647,0.9848484992980957,0.6348484754562378
YHR120W,YBR083W,0,-0.061349504,0.1340206116437912,0.9848484992980957,0.6363636255264282
YLR221C,YPR182W,0,-0.061349504,0.13374485075473785,0.9848484992980957,0.6378787755966187
YDL077C,YML001W,0,-0.061349504,0.13347022235393524,0.9848484992980957,0.6393939256668091
YPL262W,YER075C,0,-0.061349504,0.13319672644138336,0.9848484992980957,0.6409090757369995
YLR044C,YLR425W,0,-0.061349504,0.13292433321475983,0.9848484992980957,0.6424242258071899
YKR099W,YPL082C,0,-0.061349504,0.13265305757522583,0.9848484992980957,0.6439393758773804
YOR245C,YOR226C,0,-0.061349504,0.13238288462162018,0.9848484992980957,0.6454545259475708
YOL165C,YHR118C,0,-0.061349504,0.13211381435394287,0.9848484992980957,0.6469696760177612
YOR363C,YDR449C,0,-0.061349504,0.1318458467721939,0.9848484992980957,0.6484848260879517
YOL145C,YJR125C,0,-0.061349504,0.1315789520740509,0.9848484992980957,0.6499999761581421
YMR039C,YLR200W,0,-0.061349504,0.13131313025951385,0.9848484992980957,0.6515151262283325
YGL043W,YDR279W,0,-0.061349504,0.13104838132858276,0.9848484992980957,0.653030276298523
YLR219W,YKL079W,0,-0.061349504,0.13078470528125763,0.9848484992980957,0.6545454263687134
YOL016C,YJR112W,0,-0.061349504,0.13052208721637726,0.9848484992980957,0.6560605764389038
YGL190C,YNL279W,0,-0.061349504,0.13026052713394165,0.9848484992980957,0.657575786113739
YJR078W,YJL062W,0,-0.061349504,0.12999999523162842,0.9848484992980957,0.6590909361839294
YCL029C,YKL020C,0,-0.061349504,0.12974052131175995,0.9848484992980957,0.6606060862541199
YAL013W,YNL078W,0,-0.061349504,0.12948207557201385,0.9848484992980957,0.6621212363243103
YBR035C,YNL310C,0,-0.061349504,0.12922465801239014,0.9848484992980957,0.6636363863945007
YML075C,YER082C,0,-0.061349504,0.1289682537317276,0.9848484992980957,0.6651515364646912
YDR376W,YKR053C,0,-0.061349504,0.12871287763118744,0.9848484992980957,0.6666666865348816
YOR168W,YER053C,0,-0.061349504,0.12845849990844727,0.9848484992980957,0.668181836605072
YCL054W,YNL064C,0,-0.061349504,0.12820513546466827,0.9848484992980957,0.6696969866752625
YPL217C,YGR057C,0,-0.061349504,0.12795275449752808,0.9848484992980957,0.6712121367454529
YML019W,YMR239C,0,-0.061349504,0.12770137190818787,0.9848484992980957,0.6727272868156433
YMR025W,YMR143W,0,-0.061349504,0.12745098769664764,0.9848484992980957,0.6742424368858337
YMR116C,YJL029C,0,-0.061349504,0.12720157206058502,0.9848484992980957,0.6757575869560242
YJL036W,YOL105C,0,-0.061349504,0.126953125,0.9848484992980957,0.6772727370262146
YOL127W,YIL073C,0,-0.061349504,0.12670564651489258,0.9848484992980957,0.678787887096405
YMR042W,YDR030C,0,-0.061349504,0.12645913660526276,0.9848484992980957,0.6803030371665955
YHR055C,YIL101C,0,-0.061349504,0.12621359527111053,0.9848484992980957,0.6818181872367859
YBR090C-A,YPR187W,0,-0.061349504,0.12596899271011353,0.9848484992980957,0.6833333373069763
YFL041W,YDR170C,0,-0.061349504,0.12572534382343292,0.9848484992980957,0.6848484873771667
YGR238C,YKL165C,0,-0.061349504,0.12548261880874634,0.9848484992980957,0.6863636374473572
YLL009C,YER125W,0,-0.061349504,0.12524084746837616,0.9848484992980957,0.6878787875175476
YKR019C,YOR137C,0,-0.061349504,0.125,0.9848484992980957,0.689393937587738
YJR035W,YHR079C-A,0,-0.061349504,0.12476007640361786,0.9848484992980957,0.6909090876579285
YOR113W,YPL121C,0,-0.061349504,0.12452106922864914,0.9848484992980957,0.6924242377281189
YPL123C,YOR315W,0,-0.061349504,0.12428298592567444,0.9848484992980957,0.6939393877983093
YFL018C,YOR191W,0,-0.061349504,0.12404580414295197,0.9848484992980957,0.6954545378684998
YOR211C,YIL051C,0,-0.061349504,0.12380952388048172,0.9848484992980957,0.6969696879386902
YNL135C,YHL011C,0,-0.061349504,0.1235741451382637,0.9848484992980957,0.6984848380088806
YLR189C,YPL203W,0,-0.061349504,0.12333966046571732,0.9848484992980957,0.699999988079071
YMR266W,YDL064W,0,-0.061349504,0.12310606241226196,0.9848484992980957,0.7015151381492615
YGL126W,YPL210C,0,-0.061349504,0.12287334352731705,0.9848484992980957,0.7030302882194519
YOR078W,YEL027W,0,-0.061349504,0.12264151126146317,0.9848484992980957,0.7045454382896423
YKL062W,YDR381W,0,-0.061349504,0.12241054326295853,0.9848484992980957,0.7060605883598328
YOR245C,YHR096C,0,-0.061349504,0.12218045443296432,0.9848484992980957,0.7075757384300232
YLR459W,YHR079C-A,0,-0.061349504,0.12195122241973877,0.9848484992980957,0.7090908885002136
YNL119W,YBL100W-B,0,-0.061349504,0.12172284722328186,0.9848484992980957,0.710606038570404
YNL059C,YIL139C,0,-0.061349504,0.1214953288435936,0.9848484992980957,0.7121211886405945
YBR155W,YDL160C,0,-0.061349504,0.12126865983009338,0.9848484992980957,0.7136363387107849
YDR437W,YLR386W,0,-0.061349504,0.12104283273220062,0.9848484992980957,0.7151514887809753
YPL116W,YNL102W,0,-0.061349504,0.12081784754991531,0.9848484992980957,0.7166666388511658
YLR081W,YJL166W,0,-0.061349504,0.12059368938207626,0.9848484992980957,0.7181817889213562
YJL072C,YGR008C,0,-0.061349504,0.12037037312984467,0.9848484992980957,0.7196969985961914
YDR384C,YEL060C,0,-0.061349504,0.12014787644147873,0.9848484992980957,0.7212121486663818
YOL090W,YKR087C,0,-0.061349504,0.11992619931697845,0.9848484992980957,0.7227272987365723
YBR257W,YJL059W,0,-0.061349504,0.11970534175634384,0.9848484992980957,0.7242424488067627
YLR085C,YGL181W,0,-0.061349504,0.1194852963089943,0.9848484992980957,0.7257575988769531
YHR079C-A,YPR095C,0,-0.061349504,0.11926605552434921,0.9848484992980957,0.7272727489471436
YIL131C,YGR008C,0,-0.061349504,0.1190476194024086,0.9848484992980957,0.728787899017334
YDR483W,YOR211C,0,-0.061349504,0.11882998049259186,0.9848484992980957,0.7303030490875244
YER087C-B,YPL011C,0,-0.061349504,0.11861313879489899,0.9848484992980957,0.7318181991577148
YDL149W,YKL086W,0,-0.061349504,0.11839708685874939,0.9848484992980957,0.7333333492279053
YKL040C,YER082C,0,-0.061349504,0.11818181723356247,0.9848484992980957,0.7348484992980957
YLR186W,YDR011W,0,-0.061349504,0.11796732991933823,0.9848484992980957,0.7363636493682861
YDR385W,YJR086W,0,-0.061349504,0.11775362491607666,0.9848484992980957,0.7378787994384766
YKL110C,YMR266W,0,-0.061349504,0.11754068732261658,0.9848484992980957,0.739393949508667
YGL191W,YDL080C,0,-0.061349504,0.11732851713895798,0.9848484992980957,0.7409090995788574
YIL046W,YOR043W,0,-0.061349504,0.11711711436510086,0.9848484992980957,0.7424242496490479
YBR213W,YGR013W,0,-0.061349504,0.11690647155046463,0.9848484992980957,0.7439393997192383
YOR188W,YDR261C-C,0,-0.061349504,0.11669658869504929,0.9848484992980957,0.7454545497894287
YDL188C,YAR008W,0,-0.061349504,0.11648745834827423,0.9848484992980957,0.7469696998596191
YBR131W,YER142C,0,-0.061349504,0.11627907305955887,0.9848484992980957,0.7484848499298096
YNL153C,YMR298W,0,-0.061349504,0.1160714253783226,0.9848484992980957,0.75
YDL101C,YPL276W,0,-0.061349504,0.11586453020572662,0.9848484992980957,0.7515151500701904
YNL232W,YCR066W,0,-0.061349504,0.11565836519002914,0.9848484992980957,0.7530303001403809
YMR163C,YDR043C,0,-0.061349504,0.11545293033123016,0.9848484992980957,0.7545454502105713
YFR024C,YDR289C,0,-0.061349504,0.11524822562932968,0.9848484992980957,0.7560606002807617
YAL035W,YDL217C,0,-0.061349504,0.1150442510843277,0.9848484992980957,0.7575757503509521
YKL064W,YER005W,0,-0.061349504,0.11484099179506302,0.9848484992980957,0.7590909004211426
YHR107C,YNR039C,0,-0.061349504,0.11463844776153564,0.9848484992980957,0.760606050491333
YOL165C,YPR133C,0,-0.061349504,0.11443661898374557,0.9848484992980957,0.7621212005615234
YML102W,YHL020C,0,-0.061349504,0.11423549801111221,0.9848484992980957,0.7636363506317139
YCL043C,YDL140C,0,-0.061349504,0.11403508484363556,0.9848484992980957,0.7651515007019043
YDL198C,YER062C,0,-0.061349504,0.11383537948131561,0.9848484992980957,0.7666666507720947
YML103C,YAL047C,0,-0.061349504,0.11363636702299118,0.9848484992980957,0.7681818008422852
YKL206C,YHR070W,0,-0.061349504,0.11343804746866226,0.9848484992980957,0.7696969509124756
YDR236C,YOL088C,0,-0.061349504,0.11324042081832886,0.9848484992980957,0.771212100982666
YMR163C,YJL036W,0,-0.061349504,0.11304347962141037,0.9848484992980957,0.7727272510528564
YNR001C,YMR061W,0,-0.061349504,0.1128472238779068,0.9848484992980957,0.7742424011230469
YPR183W,YDR494W,0,-0.061349504,0.11265164613723755,0.9848484992980957,0.7757575511932373
YLL026W,YGR178C,0,-0.061349504,0.11245674639940262,0.9848484992980957,0.7772727012634277
YKR034W,YJR093C,0,-0.061349504,0.11226252466440201,0.9848484992980957,0.7787878513336182
YKL101W,YHR165C,0,-0.061349504,0.11206896603107452,0.9848484992980957,0.7803030014038086
YDR101C,YGR060W,0,-0.061349504,0.11187607795000076,0.9848484992980957,0.7818182110786438
YIL123W,YIL056W,0,-0.061349504,0.11168384552001953,0.9848484992980957,0.7833333611488342
YJR057W,YFL026W,0,-0.061349504,0.11149228364229202,0.9848484992980957,0.7848485112190247
YDR279W,YJR120W,0,-0.061349504,0.11130136996507645,0.9848484992980957,0.7863636612892151
YMR199W,YER148W,0,-0.061349504,0.1111111119389534,0.9848484992980957,0.7878788113594055
YLR459W,YGR091W,0,-0.061349504,0.11092150211334229,0.9848484992980957,0.789393961429596
YPL213W,YGR209C,0,-0.061349504,0.1107325404882431,0.9848484992980957,0.7909091114997864
YGL222C,YOR174W,0,-0.061349504,0.11054421961307526,0.9848484992980957,0.7924242615699768
YDL164C,YKL108W,0,-0.061349504,0.11035653948783875,0.9848484992980957,0.7939394116401672
YHR158C,YLR275W,0,-0.061349504,0.11016949266195297,0.9848484992980957,0.7954545617103577
YKR054C,YER027C,0,-0.061349504,0.10998307913541794,0.9848484992980957,0.7969697117805481
YCR034W,YOL089C,0,-0.061349504,0.10979729890823364,0.9848484992980957,0.7984848618507385
YNL116W,YPR155C,0,-0.061349504,0.10961214452981949,0.9848484992980957,0.800000011920929
YLR201C,YLR424W,0,-0.061349504,0.10942760854959488,0.9848484992980957,0.8015151619911194
YGR121C,YHR170W,0,-0.061349504,0.10924369841814041,0.9848484992980957,0.8030303120613098
YGL190C,YJL165C,0,-0.061349504,0.10906039923429489,0.9848484992980957,0.8045454621315002
YGR188C,YMR113W,0,-0.061349504,0.10887771844863892,0.9848484992980957,0.8060606122016907
YOR098C,YPR158C-D,0,-0.061349504,0.10869564861059189,0.9848484992980957,0.8075757622718811
YCR048W,YJL008C,0,-0.061349504,0.10851418972015381,0.9848484992980957,0.8090909123420715
YML095C,YDR472W,0,-0.061349504,0.10833333432674408,0.9848484992980957,0.810606062412262
YJR083C,YMR236W,0,-0.061349504,0.1081530749797821,0.9848484992980957,0.8121212124824524
YLR310C,YDR342C,0,-0.061349504,0.10797341912984848,0.9848484992980957,0.8136363625526428
YNL199C,YMR100W,0,-0.061349504,0.10779435932636261,0.9848484992980957,0.8151515126228333
YGL071W,YDR088C,0,-0.061349504,0.1076158955693245,0.9848484992980957,0.8166666626930237
YIL016W,YLR132C,0,-0.061349504,0.10743801295757294,0.9848484992980957,0.8181818127632141
YBL006C,YHR026W,0,-0.061349504,0.10726072639226913,0.9848484992980957,0.8196969628334045
YDR492W,YKL113C,0,-0.061349504,0.10708402097225189,0.9848484992980957,0.821212112903595
YHR026W,YIL082W-A,0,-0.061349504,0.10690789669752121,0.9848484992980957,0.8227272629737854
YIL010W,YLR181C,0,-0.061349504,0.10673234611749649,0.9848484992980957,0.8242424130439758
YHR004C,YCR061W,0,-0.061349504,0.10655737668275833,0.9848484992980957,0.8257575631141663
YLR201C,YNL149C,0,-0.061349504,0.10638298094272614,0.9848484992980957,0.8272727131843567
YBR296C,YBR077C,0,-0.061349504,0.1062091514468193,0.9848484992980957,0.8287878632545471
YBR024W,YBR173C,0,-0.061349504,0.10603588819503784,0.9848484992980957,0.8303030133247375
YGR204W,YBL080C,0,-0.061349504,0.10586319118738174,0.9848484992980957,0.831818163394928
YFL024C,YPR110C,0,-0.061349504,0.10569106042385101,0.9848484992980957,0.8333333134651184
YDL022W,YNL246W,0,-0.061349504,0.10551948100328445,0.9848484992980957,0.8348484635353088
YLR069C,YLR003C,0,-0.061349504,0.10534846037626266,0.9848484992980957,0.8363636136054993
YLR418C,YNL131W,0,-0.061349504,0.10517799109220505,0.9848484992980957,0.8378787636756897
YOL151W,YPL047W,0,-0.061349504,0.1050080806016922,0.9848484992980957,0.8393939137458801
YGR276C,YIL147C,0,-0.061349504,0.10483870655298233,0.9848484992980957,0.8409090638160706
YJL005W,YNR060W,0,-0.061349504,0.10466988384723663,0.9848484992980957,0.842424213886261
YNR032C-A,YAL055W,0,-0.061349504,0.10450160503387451,0.9848484992980957,0.8439394235610962
YGR278W,YMR035W,0,-0.061349504,0.10433387011289597,0.9848484992980957,0.8454545736312866
YGR109C,YHR139C,0,-0.061349504,0.1041666641831398,0.9848484992980957,0.846969723701477
YBR065C,YBR095C,0,-0.061349504,0.10400000214576721,0.9848484992980957,0.8484848737716675
YBL009W,YOL011W,0,-0.061349504,0.103833869099617,0.9848484992980957,0.8500000238418579
YKL188C,YMR140W,0,-0.061349504,0.10366826504468918,0.9848484992980957,0.8515151739120483
YEL056W,YER126C,0,-0.061349504,0.10350318253040314,0.9848484992980957,0.8530303239822388
YGL251C,YDR529C,0,-0.061349504,0.10333863645792007,0.9848484992980957,0.8545454740524292
YBR213W,YDR023W,0,-0.061349504,0.1031746044754982,0.9848484992980957,0.8560606241226196
YHL047C,YHL027W,0,-0.061349504,0.10301109403371811,0.9848484992980957,0.8575757741928101
YOR039W,YPR112C,0,-0.061349504,0.1028480976819992,0.9848484992980957,0.8590909242630005
YLR459W,YBL058W,0,-0.061349504,0.10268562287092209,0.9848484992980957,0.8606060743331909
YBR106W,YOR380W,0,-0.061349504,0.10252366214990616,0.9848484992980957,0.8621212244033813
YCR020W-B,YNL064C,0,-0.061349504,0.10236220806837082,0.9848484992980957,0.8636363744735718
YER019W,YAL015C,0,-0.061349504,0.10220126062631607,0.9848484992980957,0.8651515245437622
YLR078C,YML112W,0,-0.061349504,0.10204081982374191,0.9848484992980957,0.8666666746139526
YNL271C,YPL258C,0,-0.061349504,0.10188087821006775,0.9848484992980957,0.8681818246841431
YOR094W,YEL041W,0,-0.061349504,0.10172144323587418,0.9848484992980957,0.8696969747543335
YOR002W,YIL026C,0,-0.061349504,0.1015625,0.9848484992980957,0.8712121248245239
YHR143W,YFL008W,0,-0.061349504,0.10140405595302582,0.9848484992980957,0.8727272748947144
YNL106C,YGR161C-C,0,-0.061349504,0.10124610364437103,0.9848484992980957,0.8742424249649048
YIL114C,YGL058W,0,-0.061349504,0.10108865052461624,0.9848484992980957,0.8757575750350952
YJR091C,YKL025C,0,-0.061349504,0.10093167424201965,0.9848484992980957,0.8772727251052856
YBR073W,YGR195W,0,-0.061349504,0.10077519714832306,0.9848484992980957,0.8787878751754761
YJR121W,YPR067W,0,-0.061349504,0.10061919689178467,0.9848484992980957,0.8803030252456665
YGL166W,YDR086C,0,-0.061349504,0.10046368092298508,0.9848484992980957,0.8818181753158569
YDR038C,YOL011W,0,-0.061349504,0.10030864179134369,0.9848484992980957,0.8833333253860474
YGL086W,YBR049C,0,-0.061349504,0.1001540794968605,0.9848484992980957,0.8848484754562378
YGR013W,YDR218C,0,-0.061349504,0.10000000149011612,0.9848484992980957,0.8863636255264282
YBR173C,YDR131C,0,-0.061349504,0.09984639286994934,0.9848484992980957,0.8878787755966187
YMR150C,YGR129W,0,-0.061349504,0.09969325363636017,0.9848484992980957,0.8893939256668091
YOL078W,YJR120W,0,-0.061349504,0.0995405837893486,0.9848484992980957,0.8909090757369995
YLR242C,YPL020C,0,-0.061349504,0.09938837587833405,0.9848484992980957,0.8924242258071899
YJL085W,YGL211W,0,-0.061349504,0.09923664480447769,0.9848484992980957,0.8939393758773804
YPL050C,YCR084C,0,-0.061349504,0.09908536821603775,0.9848484992980957,0.8954545259475708
YHR021C,YKL056C,0,-0.061349504,0.09893455356359482,0.9848484992980957,0.8969696760177612
YBR029C,YGR238C,0,-0.061349504,0.0987841933965683,0.9848484992980957,0.8984848260879517
YHR081W,YML033W,0,-0.061349504,0.09863429516553879,0.9848484992980957,0.8999999761581421
YOL127W,YER138C,0,-0.061349504,0.09848485141992569,0.9848484992980957,0.9015151262283325
YGL150C,YBL058W,0,-0.061349504,0.09833585470914841,0.9848484992980957,0.903030276298523
YAL010C,YDR398W,0,-0.061349504,0.09818731248378754,0.9848484992980957,0.9045454263687134
YBR037C,YPR036W-A,0,-0.061349504,0.09803921729326248,0.9848484992980957,0.9060605764389038
YAL002W,YNL247W,0,-0.061349504,0.09789156913757324,0.9848484992980957,0.907575786113739
YPL112C,YDR156W,0,-0.061349504,0.09774436056613922,0.9848484992980957,0.9090909361839294
YLR314C,YML045W,0,-0.061349504,0.09759759902954102,0.9848484992980957,0.9106060862541199
YLR106C,YPL218W,0,-0.061349504,0.09745127707719803,0.9848484992980957,0.9121212363243103
YNR032C-A,YPL117C,0,-0.061349504,0.09730538725852966,0.9848484992980957,0.9136363863945007
YCR028C,YKL178C,0,-0.061349504,0.09715993702411652,0.9848484992980957,0.9151515364646912
YJL207C,YBL022C,0,-0.061349504,0.09701492637395859,0.9848484992980957,0.9166666865348816
YFR052W,YPL237W,0,-0.061349504,0.09687034040689468,0.9848484992980957,0.918181836605072
YBL009W,YBR004C,0,-0.061349504,0.096726194024086,0.9848484992980957,0.9196969866752625
YMR219W,YGL246C,0,-0.061349504,0.09658246487379074,0.9848484992980957,0.9212121367454529
YPR037C,YLR376C,0,-0.061349504,0.0964391678571701,0.9848484992980957,0.9227272868156433
YGL253W,YDL159W,0,-0.061349504,0.0962962955236435,0.9848484992980957,0.9242424368858337
YPR122W,YMR035W,0,-0.061349504,0.09615384787321091,0.9848484992980957,0.9257575869560242
YOR025W,YGL129C,0,-0.061349504,0.09601181745529175,0.9848484992980957,0.9272727370262146
YEL061C,YOL103W-B,0,-0.061349504,0.09587020426988602,0.9848484992980957,0.928787887096405
YFR046C,YDR418W,0,-0.061349504,0.09572901576757431,0.9848484992980957,0.9303030371665955
YMR303C,YPR199C,0,-0.061349504,0.09558823704719543,0.9848484992980957,0.9318181872367859
YMR056C,YOL077W-A,0,-0.061349504,0.09544786810874939,0.9848484992980957,0.9333333373069763
YJL183W,YOR372C,0,-0.061349504,0.09530791640281677,0.9848484992980957,0.9348484873771667
YPL213W,YNR006W,0,-0.061349504,0.09516837447881699,0.9848484992980957,0.9363636374473572
YBR207W,YML127W,0,-0.061349504,0.09502924233675003,0.9848484992980957,0.9378787875175476
YGL194C,YML093W,0,-0.061349504,0.09489051252603531,0.9848484992980957,0.939393937587738
YGL122C,YDR288W,0,-0.061349504,0.09475218504667282,0.9848484992980957,0.9409090876579285
YGL195W,YMR302C,0,-0.061349504,0.09461426734924316,0.9848484992980957,0.9424242377281189
YNL233W,YKL040C,0,-0.061349504,0.09447674453258514,0.9848484992980957,0.9439393877983093
YCR038C,YIR006C,0,-0.061349504,0.09433962404727936,0.9848484992980957,0.9454545378684998
YGL151W,YOR386W,0,-0.061349504,0.09420289844274521,0.9848484992980957,0.9469696879386902
YER026C,YGR004W,0,-0.061349504,0.0940665677189827,0.9848484992980957,0.9484848380088806
YGR132C,YGR285C,0,-0.061349504,0.09393063932657242,0.9848484992980957,0.949999988079071
YGL150C,YAL015C,0,-0.061349504,0.09379509091377258,0.9848484992980957,0.9515151381492615
YNL148C,YHL002W,0,-0.061349504,0.09365994483232498,0.9848484992980957,0.9530302882194519
YOR201C,YDR167W,0,-0.061349504,0.09352517873048782,0.9848484992980957,0.9545454382896423
YDL088C,YLL042C,0,-0.061349504,0.0933908075094223,0.9848484992980957,0.9560605883598328
YNL318C,YER149C,0,-0.061349504,0.09325681626796722,0.9848484992980957,0.9575757384300232
YJL112W,YPL058C,0,-0.061349504,0.09312321245670319,0.9848484992980957,0.9590908885002136
YBR274W,YDR470C,0,-0.061349504,0.09298998862504959,0.9848484992980957,0.960606038570404
YMR023C,YKL088W,0,-0.061349504,0.09285714477300644,0.9848484992980957,0.9621211886405945
YKL117W,YHL009C,0,-0.061349504,0.09272468090057373,0.9848484992980957,0.9636363387107849
YCL026C-A,YPL187W,0,-0.061349504,0.09259258955717087,0.9848484992980957,0.9651514887809753
YBR089C-A,YOR069W,0,-0.061349504,0.09246088564395905,0.9848484992980957,0.9666666388511658
YLR085C,YDR439W,0,-0.061349504,0.09232954680919647,0.9848484992980957,0.9681817889213562
YFR019W,YMR050C,0,-0.061349504,0.09219858050346375,0.9848484992980957,0.9696969985961914
YOR099W,YIL016W,0,-0.061349504,0.09206798672676086,0.9848484992980957,0.9712121486663818
YLL009C,YKL203C,0,-0.061349504,0.09193776547908783,0.9848484992980957,0.9727272987365723
YOL066C,YDR279W,0,-0.061349504,0.09180790930986404,0.9848484992980957,0.9742424488067627
YOR322C,YCR061W,0,-0.061349504,0.09167841821908951,0.9848484992980957,0.9757575988769531
YHR174W,YAL011W,0,-0.061349504,0.09154929220676422,0.9848484992980957,0.9772727489471436
YHL024W,YHR039C-B,0,-0.061349504,0.09142053127288818,0.9848484992980957,0.978787899017334
YER173W,YDL217C,0,-0.061349504,0.0912921354174614,0.9848484992980957,0.9803030490875244
YDL226C,YMR190C,0,-0.061349504,0.09116409718990326,0.9848484992980957,0.9818181991577148
YNL288W,YGL255W,0,-0.061349504,0.09103641659021378,0.9848484992980957,0.9833333492279053
YDR164C,YML093W,0,-0.061349504,0.09090909361839294,0.9848484992980957,0.9848484992980957
YIL126W,YBR231C,0,-0.061349504,0.09078212082386017,0.9848484992980957,0.9863636493682861
YEL066W,YOR344C,0,-0.061349504,0.09065550565719604,0.9848484992980957,0.9878787994384766
YLR210W,YCR033W,0,-0.061349504,0.09052924811840057,0.9848484992980957,0.989393949508667
YNL253W,YNL283C,0,-0.061349504,0.09040334075689316,0.9848484992980957,0.9909090995788574
YOL116W,YDL047W,0,-0.061349504,0.0902777761220932,0.9848484992980957,0.9924242496490479
YOL045W,YLR403W,0,-0.061349504,0.0901525691151619,0.9848484992980957,0.9939393997192383
YDR258C,YMR216C,0,-0.061349504,0.09002769738435745,0.9848484992980957,0.9954545497894287
YAL055W,YBR214W,0,-0.061349504,0.08990318328142166,0.9848484992980957,0.9969696998596191
YPL028W,YPL091W,0,-0.061349504,0.08977900445461273,0.9848484992980957,0.9984848499298096
YGL105W,YBL069W,0,-0.061349504,0.08965517580509186,0.9848484992980957,1.0
YGL180W,YFL025C,1,-0.061349504,0.09090909361839294,1.0,1.0
